calib_targets,argentina,bahamas,barbados,belize,brazil,chile,colombia,costa_rica,dominican_republic,ecuador,el_salvador,guatemala,guyana,haiti,honduras,jamaica,mexico,nicaragua,panama,paraguay,peru,uruguay
ef_trww_treated_aerobic_g_n2o_per_g_n,2.351477478326256,0.5285221331539045,0.2647697704374227,0.1055875068355119,1.6830376515500949,0.26349362043848934,1.226318051384423,1.7407462744289008,2.2139558703851994,1.3676417272819983,0.9962965101819421,1.5848789068542029,1.2968089561337772,1.9415241831243488,2.2120320559656843,0.4608263626151278,0.6852246997556178,2.462362094684247,0.1338941682947691,1.139402320141722,0.9205097304061236,2.1293901419069434
ef_trww_treated_anaerobic_g_n2o_per_g_n,1.6793460471531227,1.8067528375117212,1.5078556777084455,0.9494831992294012,1.7311425215793492,0.5760443870948417,0.34477740710518284,1.7598351059475357,0.9128965289253612,0.8512938080031193,1.357856221638084,1.1604200372860582,0.8869144729037376,0.6823500732047485,0.37675002946238967,1.3969271529351441,0.06475899251088124,2.0062447316804706,0.4225118791405553,1.8686046936311003,0.7445299413596463,0.04964932318646208
ef_trww_treated_latrine_improved_g_n2o_per_g_n,1.3191227894616229,1.6609681182018223,1.2413551088845547,1.1026190841295536,1.6074435641148819,0.7479222818759168,0.33954773943702776,0.5631413448718985,0.10581428954681116,0.7958563820118322,1.0820623453783331,1.7107021662246515,1.4742241333209876,2.006842103551485,0.8516232876540097,1.8417229145084428,1.540744930694792,0.724850686843882,1.624936887901041,1.887918871335383,1.033668140335635,1.833073283706133
ef_trww_treated_latrine_unimproved_g_n2o_per_g_n,1.2379547039715746,0.11270208553486348,1.2846137009360405,1.1780778987261573,0.2764791927355498,0.24913790773279182,0.7043380364564733,1.8598990987610036,2.0006083398707517,1.5561664008951424,0.6858477974900893,1.0527230293405168,1.873384282601566,0.3716632670971128,0.7206445461163092,0.04191051994230791,1.7364227545873177,0.7650021125190037,0.6981802817738811,1.0754469567740221,0.32907530039204397,1.9118710056389532
ef_trww_treated_septic_g_n2o_per_g_n,0.33674590331871734,0.08521410163651481,0.052707865258364864,0.9013092766054667,0.41570677098413383,0.40669465971510604,0.23417238290736364,0.09530541565496783,0.10788931673682717,0.36816489263001745,0.5768064857781416,0.9060017173439392,0.6644365088972188,0.16045005902983292,0.313553165447363,0.5014836888870872,0.015020080097169281,0.8605230596700538,0.4463788728891229,0.4263314405555385,0.7156481988403812,0.30707000245951116
ef_trww_untreated_no_sewerage_g_n2o_per_g_n,7.165738194606955,0.3027410817786502,0.2611055960237101,0.2529937346754537,2.3767492109674486,0.8855651116925899,3.5503559004257954,1.4282287940776244,4.249321685186887,0.8922679132691286,1.0712173935968592,0.6435895095631383,0.40415414598784793,0.2317808074930504,0.5773370439627553,0.17809704033294418,1.5717109030575593,1.0575584990750613,0.20318809794000173,2.2051983664587125,2.8216636544872666,0.3206877650233803
ef_trww_untreated_with_sewerage_g_n2o_per_g_n,5.0032832037296915,0.6534697709413896,2.87114135931911,3.355362726041453,2.4293229093023787,2.8866058265162686,1.8556636657581327,2.5935681901979892,5.274173120655281,0.06494590494311034,4.120855539410241,0.3713439017621278,6.289052375397693,0.5939104552454413,0.11244343532849424,0.06577812792712648,2.9743789340074906,0.6698812689221291,2.1483357054538423,2.0271706946279577,1.4750363599555905,1.0745032361228979
mcf_trww_treated_aerobic,1.482199075379219,0.1400890687856416,0.9320432861597957,0.557406617840404,2.1436177610740725,1.4635655117912796,1.4878350279027037,2.356183607266037,1.931101983528964,0.7027853717758706,2.2704358829201605,1.2018280612000376,2.6390479202533057,0.6790459643268807,2.1423457678494815,0.4523608895106646,1.689222167615675,1.0462409042054448,0.387698465092847,1.772276528225379,0.626436116495863,2.2427807179196946
mcf_trww_treated_anaerobic,1.1294689300498049,1.1822708470306054,1.121490455910279,1.2069884832796003,1.2345244805373097,1.204624058742048,1.2030805833065683,1.1863935925481794,1.1463261033989818,1.0478810420000864,1.0789430647773464,1.1774232970900327,1.0031211299634317,1.1965350120227043,1.0931654028047741,1.1029853017027766,1.178608229118831,1.1674123098675104,1.072596407908094,1.0496445855392391,1.1390946101872506,1.2206379127692555
mcf_trww_treated_latrine_improved,1.6393935601960745,0.4158880474900604,2.269362789950078,1.694770977468734,2.2189775312859146,1.2636864231968046,1.3234827493754824,0.5906071764055772,0.32608423789233754,1.998646661655319,0.7113071938442199,0.16148926936367392,0.14938117775950802,0.8695355072608878,1.8188453997650096,0.4735294738663909,2.3845422082851493,0.39061774445812725,0.7195737349420296,0.8423809038333238,1.9518907453900027,2.7692951404662707
mcf_trww_treated_latrine_unimproved,0.4922964669248023,0.9013707914042672,0.49586090919722037,2.6216838226126202,0.7540156925171905,2.272764048805021,1.2053928784381465,2.6307103913290617,2.242050072871242,0.20721442639308874,2.181129021348672,1.7963769688762294,2.105106397392426,2.0521330713892967,0.6000411977060907,1.0300097169354738,1.5010946045091274,0.6416406125605862,1.4477209195265934,1.097752502463297,0.15228132302366446,0.19311830504446906
mcf_trww_treated_septic,1.000498972414944,1.002354347566936,1.0034253916028897,1.0013440240326157,1.0090690985384927,1.0059672889397515,1.0056457859475956,1.005159497413156,1.000218591898529,1.0016649738931407,1.000228462437117,1.0009394273180268,1.0080432110244857,1.005865722528193,1.0046815630736952,1.0057805688672723,1.0078665522256396,1.0070337076508595,1.001665717759817,1.0045218129366045,1.007435309825239,1.0070001764299168
mcf_trww_untreated_no_sewerage,0.06641731301850569,0.1912992708060863,0.23904435306431482,0.10639500598011539,0.6798902125652514,1.5665134586636478,0.6980482388215073,1.3971745459630136,0.24411841855987315,1.7612816530513824,1.414968863185379,0.10927638422428214,0.9703457710532313,0.11417758060312859,0.3265199399237332,0.27133296948422847,1.9810581731090624,0.13080406535716377,0.007569820313043222,0.6012758676755273,1.0617002353880562,0.43542455820524895
mcf_trww_untreated_with_sewerage,1.027186559694805,1.1132677960882753,1.122486396916008,1.0584560256966355,0.8696165890934555,0.8462831615847821,0.9894126215489599,1.1513064944938793,0.9675694357986664,0.9314620344558662,1.20405960357278,0.8236064538897045,0.8237569974922687,0.8375701504583679,0.9332392810767782,1.2083867378292492,1.0884397524362766,1.0128353818183449,1.084777683537866,0.845711015249953,1.2063772700187156,0.8357328599055538
frac_trww_nitrogen_removed_treated_aerobic,1.1031988377802031,1.3414197495334588,1.4368057516433512,0.931581969937615,0.954694898704793,0.6554172271654651,1.6422757956284129,0.7484818716923962,1.5398980010073557,1.8812231435858577,1.0476478347504432,0.4545572856312889,1.7100441741050936,1.221481990834631,1.1920158417113715,1.4505649299605374,0.7526114889704119,1.7216424795077836,0.488084906164873,0.1781908026530996,1.27011582933782,1.7707997872859231
frac_trww_nitrogen_removed_treated_anaerobic,0.3809707332736654,1.5054068242512897,0.3891370783974866,0.2068810354131499,1.7830825275632836,1.4003463602451471,1.692516578791725,1.8565938246346783,0.1827738962835591,0.6091044047143475,1.4859531201755745,1.166625041304622,1.0897997166618694,0.8362743456820934,1.134728816254917,1.431224648990574,1.368652927874226,0.866353905194826,0.8379235356223714,0.9477781802593849,0.30461444206392185,0.962747925273135
frac_trww_nitrogen_removed_treated_latrine_improved,1.3879053177453975,1.2035106232725874,1.4369648625252012,1.3858910807810059,0.8049644569006894,1.3834134810076169,0.8253023826800464,1.371126978405766,1.0406081531689177,1.4918539707798808,1.3848673926432982,1.6854570528973418,1.4199330543721695,1.1064508779604054,0.8360008379221024,0.7129096507944885,1.277167744928358,1.6888152866722292,0.7771346440325277,0.6403391021664373,1.051297918001547,1.6378945561043514
frac_trww_nitrogen_removed_treated_latrine_unimproved,0.8247263251671666,0.667251335831369,0.6785333375970523,1.1472290588708898,1.2841929719387961,1.3385341547022325,0.6538388595867072,0.6699937343969474,1.478563019957863,1.7242725342159908,0.906131766759841,1.4423457430552373,0.7194447948369741,1.3256290633203764,1.5306315861167876,0.9871622404244709,0.7996665781115485,1.75438262808608,1.36012409575376,0.8859279942432641,0.7529955103695057,0.8515965537249786
frac_trww_nitrogen_removed_treated_septic,0.9508921380407522,0.9496494151625738,1.3809959646388585,0.7881278289715039,1.1005221235791005,0.8731846563010265,1.2291375150467267,1.3414053785905642,1.4505949098661162,0.8353697423291933,1.6238698458214835,0.8531442147727625,1.5176535138312988,0.9407343775088666,1.3970121780560327,0.9854176109687806,1.0918510266531334,1.6528866093075767,1.6476527310732954,1.420387534725573,1.364792790448612,0.9600759492075142
frac_trww_nitrogen_removed_untreated_no_sewerage,1.0095690913859285,1.0030445032544166,1.001526767279403,1.0032152206566054,1.0032939370097513,1.0019780082492906,1.0034313043892902,1.0096901509191045,1.0085234627947453,1.009525842214434,1.0050731325846982,1.0075099444484181,1.0073938249529122,1.0062034666094462,1.0022937987268437,1.0002521898767376,1.0046276232029183,1.0066470304937654,1.0057051713039125,1.0086503492835515,1.0022317240063896,1.0001139641894952
frac_trww_nitrogen_removed_untreated_with_sewerage,1.0048110721693728,1.0002106573206495,1.0054830412702953,1.0023621009465227,1.0026641203538136,1.0029764776005532,1.0003713039124527,1.005775256896264,1.0015073504518037,1.0051175166297117,1.0040084972462628,1.0005054955534893,1.0004447750518561,1.004224848008011,1.0037648999833106,1.0022818205660062,1.0012963593448252,1.005596204372601,1.0038151491309635,1.0011195288844383,1.0087026392961878,1.004583067496364
frac_trww_tow_removed_treated_aerobic,0.44535955070227046,0.9571967708781121,0.8857547187116348,0.5010283623637882,0.8399858320577878,1.272133986377224,1.1928838235727237,1.126619762209205,1.3087263281324977,0.5417396342362436,0.8962704082822084,1.1841055862240908,0.9363416875849789,1.2424462298560606,0.6961414156343149,0.8911382729123404,0.4353667688099054,0.45873170611062425,0.4029138900035164,0.37560960956372025,0.9073421078349807,0.7440840569815341
frac_trww_tow_removed_treated_anaerobic,1.0314547594968584,1.2860730903675637,0.9844773155113855,1.1445320242310464,1.069735032250993,1.0479641405862878,0.8494581011567869,0.7704820424726757,1.1447076589145335,0.44413736603511395,1.056504476245526,1.2113882539301235,0.9301116885178662,1.2608015014961473,0.8508705395897518,0.8226787412738705,0.641843558004823,0.6848546098757878,1.0328704817136414,1.03918510249395,1.0489255693102297,0.5749987884908824
frac_trww_tow_removed_treated_latrine_improved,1.9138627053717625,1.53445105144177,1.7966899082574614,0.4774378989951234,1.487470866640921,1.2288872716012866,1.554806488747919,0.7310431174674746,1.045561479376858,0.3877518219715052,0.5634813370648076,1.4365461863225182,1.5151679092353876,2.124160525628032,0.9509187168699454,2.2055881936087767,2.0459761624223596,1.043605206473191,1.6501497145524238,1.5186068966858346,1.4078206027851274,1.8708828226845071
frac_trww_tow_removed_treated_latrine_unimproved,1.4959633310771112,0.1681260585566091,1.439792632336887,1.1453301327017327,2.154907190795642,0.9865590691401029,1.218126915056731,0.13312983393717495,0.3633498732684175,1.4687336139594525,0.756145463336801,2.115740880078602,1.2964316455924199,1.6921220282022729,0.7962453007744449,1.5663660592338666,0.43094084506459845,2.1549137791317468,1.8281961994849003,2.315399504696576,0.8665073923412986,1.4670424947181437
frac_trww_tow_removed_treated_septic,0.9360117186011631,1.1681492817126107,1.0489297394294999,0.9316351403539649,0.9148373555367791,1.20318384681916,0.948315323864152,0.987803416070393,1.0579081706391003,0.9177303635735864,1.2084235779706176,0.9846157418879232,1.2058161024125829,0.9253167689638848,1.0962158142956469,1.0667015763625738,0.9104296678368697,0.9075706284876262,1.0219087176309336,0.9259504621617565,1.0694008101433636,1.208467004127309
frac_trww_tow_removed_untreated_no_sewerage,1.2070630526105024,1.021846633133987,0.9803701935763686,0.8794900280161206,0.8259061401472411,0.8590628416696615,0.8872755840014753,0.8736091989816607,1.0523936841248525,1.0749124313132827,1.0137163988309563,1.073616874122871,1.0971978270589982,1.0680900342477864,1.0491754625614802,1.0112427818960366,1.0124589220055777,1.0437027526453548,1.0368843878341374,0.9882526947297557,1.0596387836283263,1.0969294927556736
frac_trww_tow_removed_untreated_with_sewerage,0.8229629610920394,0.8554411991751373,0.9587162855076237,0.9402001494199059,0.9680710421215153,1.129611414665154,1.0155001153871435,1.0325921692340398,1.1685721552159214,0.8296672436545379,1.0991349647810305,1.1261319580097788,1.1373933782785144,1.0117066499845184,1.090411579764062,0.9169607162022697,0.828612143227639,0.9527853832063882,0.8476880661798726,1.002611081788109,0.8509855032114015,1.181514775030535
physparam_krem_sludge_factor_treated_aerobic,1.226456434923831,1.1319835043846331,1.27736152557553,0.8235416668917364,1.2950885365537446,0.6425927135541493,0.9710146237240331,1.121437179903963,0.7858911298654312,0.9170523032326423,0.9363997736304981,0.9853096521296325,0.9982230070100948,1.1570182601885368,0.46316736760115157,1.3084391227993304,1.2901714871091505,0.516479317817683,0.7545580713045453,0.6065840878083116,0.8706851040622973,1.316154922218285
frac_sludge_compliant_treated_septic,1.0200490196796097,0.39267743327721,1.2885668997785706,0.3457116354097115,0.8557795709586873,0.6970783670882821,1.589357909446053,1.809776417090656,1.78174423151368,0.3057806142634921,1.6089825847334511,1.087678459427053,1.5468848397466721,0.531674594065825,1.0943791273026882,1.143657315126275,0.7634611872712567,0.2568817940610714,0.5630710792655911,1.3839607690049738,1.2770023469887761,1.245419170839411
frac_wali_protein_in_diet_with_red_meat,1.0044089359368666,1.002607948883008,1.0021306153589395,1.0055697208115777,1.0014433493073933,1.0050218916148106,1.0001304246238942,1.0089871778365878,1.0010554514460102,1.0020425339150751,1.0058291395465275,1.009214171613857,1.00828859166011,1.0071805450253917,1.0007435710368835,1.003252204181866,1.0026414038099325,1.0010977278687743,1.0008946141191617,1.0031477672078775,1.0040124359249458,1.0078251913310923
density_wali_kg_n_per_m3_ww_industrial,1.6814390811750257,0.8749976138584226,0.671432790798816,0.550755905921593,0.8346222393014364,0.7769460128879025,1.6900409448520872,1.1178462830478186,1.7685393966679994,1.2867829077570994,0.8569047692302791,1.0345618647134374,0.8998661160091539,0.6529106936712217,0.961049135480259,0.6194329757222271,0.8053468745773542,0.7257905048347656,1.752113447234457,0.8812628305377916,1.0637239718948452,0.9178846406485313
physparam_wali_daily_kg_bod_per_capita,1.186758833777291,1.0709759892668722,1.1067818440017378,0.9000895401848784,1.2101638838673217,0.941080339716082,0.903145253556151,1.1016164390983647,0.9578297093187229,0.8770898121161731,1.1676191264036166,1.106500165112319,0.9085963606625254,0.798001793593195,0.9007839305815687,0.7837352108021858,0.790141747595992,0.8708555737265284,0.870187817665753,1.2143280871857418,1.084246533725359,1.1959068296239797
logelasticity_wali_qty_prod_to_gdp_per_capita,0.8856157126369434,0.9967206730949979,1.1964616879293573,0.8638702907244905,1.1251133861409632,1.1492597588786446,1.1775964136063517,0.9801935686199899,0.9662749599855387,1.1818324494634933,0.9202782778483373,1.1191381840279426,1.1702376411890631,0.864605242380578,0.9613200770515216,1.0199781231578906,0.9351890226481709,1.0814903821273205,0.9414436538732596,0.9331284857262445,1.0289985509067558,0.9969154981809184
qty_wali_m3_ww_domestic_rural_per_capita,0.9398159916671514,0.8653727208878506,1.152737706493403,1.1714116198034825,0.8369261994499892,1.151842277226482,1.0879913779793884,1.1264010010123402,1.1492043886960206,1.1979013737723436,0.8995146670865218,1.1630083652288967,1.0419422337702249,1.05724589120218,1.0514159235569227,1.079868230668727,1.1830905555649185,0.9592329761271623,1.0884130540253678,0.9692212854209734,0.9472528431900269,1.123001749560263
qty_wali_m3_ww_domestic_urban_per_capita,1.1472213565889202,0.9074771535020643,1.101856620339403,0.9258895812316177,1.1095201273190995,0.8018997904941408,0.8719112411426193,0.8662813527327978,1.0727617735082176,0.9246468282438343,0.8773265830774096,0.8368515905268727,1.1512535681017275,1.1886474051870017,0.8959293026615576,1.1889346910854384,0.8948126309337114,0.8159824691114198,1.1686836103898823,0.9657552390658146,0.8961144747751129,1.2013499531351024
qty_wali_m3_ww_industrial_per_gdp,0.9867521768324401,1.1008718644212463,0.8262229348156294,0.9232602154204281,1.1942330060039907,0.9655503027968154,0.8244322717850249,1.095154928194805,0.9510673679570462,0.856647105912076,1.1716078928352578,0.956078488619305,0.8028415967947483,0.8011676308686678,0.9364645774135676,0.8056396819001389,1.115053125546174,0.967151443766824,1.0011482288114464,0.8352431670612569,1.111898540286698,0.9852006081521602
frac_wali_protein_in_diet_without_red_meat,1.002088920678063,1.0050318670576734,1.0028947190234365,1.0016291252413991,1.0097510526190305,1.0052930214815345,1.002791636268269,1.006449629258756,1.0049235390887634,1.0082300646114966,1.0035642276422765,1.0007470424147056,1.0084816632095939,1.0054539637126576,1.0081663114226451,1.0051050616312616,1.0067572658131274,1.00413306630427,1.0049567174498724,1.0090623846649023,1.0057798345373483,1.0057823808502016
qty_protein_per_capita_kg,1.0062866843096583,1.0013600076294018,1.0079641513482585,1.0090361299859334,1.0016947190234367,1.0019345111222373,1.0078277757909544,1.0071534415754715,1.0002221300336172,1.0031371814128698,1.0050692702000334,1.0085524449848604,1.0098287580764371,1.008935784278664,1.0088351429320745,1.0077619149798536,1.0058836611591921,1.0023917030255347,1.0027447631309159,1.0034061655103355,1.0072278759268531,1.0022420332355817
param_wali_n_hh_scalar,1.0039513911737359,1.0003551009703646,1.0012164413608946,1.0054828028514888,1.0097212598049734,1.0095462222540115,1.0009618386858354,1.0010638247144934,1.0085650716448513,1.0046378084543308,1.0064191784087928,1.0068734425291468,1.0007550532866032,1.0043719524116062,1.0077768209236344,1.0058983382209188,1.0023271964332547,1.007084357342107,1.0027950790358344,1.0068499821185894,1.0033365090718356,1.0003385928522042
physparam_wali_tonne_cod_per_mmm_gdp,1.9508949731696204,0.5765605031198281,0.521628675727653,0.41995222028327067,2.055162953679125,1.899292370935128,1.2056386229978449,0.5938039848722665,1.7844827622342212,0.7228252739937053,1.687871810115396,0.45438556523764717,0.5486753573591834,0.5454184214972646,0.5207634630082676,0.5271754985942523,0.6325609795099533,1.0355003880541784,0.5216409880356527,0.5657622314086639,0.4404331310482067,0.615081817526675
physparam_wali_tow_dom_generation_correction_factor,1.0040172615215888,1.0069056576782778,1.0087730586748682,1.0018786925112653,1.0029868440502587,1.0046690222444747,1.005620580311375,1.0037880456810433,1.0082407743842834,1.001543733161672,1.003567384307274,1.0054517797963904,1.0038590372648595,1.0053787473475908,1.0005919938964785,1.0083174021886847,1.0034683451350643,1.007007510192404,1.0076450897646807,1.001190644446034,1.009472941849653,1.0026654173521208
physparam_waso_k_chemical_industrial,1.0291793387883703,0.8613764056973578,0.8587651571263419,0.9828393835675533,0.9034307138154123,1.116662529011444,0.9622549710349729,0.8687551951037406,1.1129889191087758,0.8611815789694064,1.0301416608733434,1.0402355638216603,0.8543642072190107,0.8572861950780807,0.927208465254559,1.0492898827579582,1.064821497047588,0.9258223532385335,0.9108270582803207,0.9442066399516653,1.022441756500058,0.8640077270271697
physparam_waso_k_food,1.0424436607393894,0.6819227873677223,1.4233984393879653,0.9523439605708716,0.7301135507234451,0.738260070445091,0.5317009711392297,1.0438614549775531,0.9218554263700205,0.6638982854328922,1.148910980067484,0.9016549233470479,0.9232198410721112,1.003698743534824,0.9255898767381152,1.2123307827288716,1.4486331197517597,0.723641952526882,0.5564313962044671,1.1200642081354872,1.2536206156285152,0.8396948217577846
physparam_waso_k_glass,0.0034816298309610664,0.005359874114870182,0.004454178289583483,0.0008758648642204897,0.006502882483370289,0.007668845814557853,0.003486703383162864,0.0035749183415587824,0.0026668383282073293,0.007194211191378776,0.00788606442076151,0.008295543952506973,0.004503921989366521,0.0023411105548005627,0.0025448728035667454,0.006101070500441075,0.009525622869131917,0.0004973130200510217,0.003169997377393129,0.008958729704599098,0.007825296235367046,0.0030283575328421907
physparam_waso_k_metal,0.0016620556469494313,0.001848499153613237,0.004959969482392771,0.00016947762439501227,0.006205774503492836,0.006851574756216771,0.0028139808788117207,0.007669913930810863,0.002440435829578237,0.002781422406599433,0.00878260496387955,0.007523572467396228,0.005754924540447751,0.004562773287556923,0.004449257325417829,0.009877920034332308,0.007087695205397802,0.003268340366688124,0.00417484681591684,0.009952983811363041,0.0029791574279379156,0.004245924230503302
physparam_waso_k_nappies,0.9475078798459154,1.0148461588449202,0.8235733694370593,0.9169640031004549,1.0191832435009367,0.7976253792289701,0.9433146608369747,0.8872379414325646,1.0445887152044282,1.1456447146183955,0.9174743136387216,0.9431029931173174,0.8019260090876521,0.8073639516139619,0.9416044336796467,0.7966604086259068,0.9998146307440792,0.7887753061767714,0.8900422032183737,0.9679833413360021,1.004237552348339,0.8536307065729902
physparam_waso_k_other,0.005247235533938917,0.0003873351930000239,0.009340705242829555,0.003078158453138784,0.004990124693035787,0.002510674009965906,0.006331011134158263,0.0068889588250721214,0.005071940490665904,0.0034234747156855734,0.009800243187182606,0.003446868368976945,0.00022507689006508834,0.000494347090098467,0.005081782418997211,0.007517907636554372,0.0004975705123620151,0.004495338912333405,0.0026944090789881507,0.0012039386786829745,0.0014623560546455905,0.0034661326085401616
physparam_waso_k_paper,0.9100781628501141,1.039412651649306,1.1052319935743808,1.1814804007333577,1.2108112383009677,0.8657609451675555,0.8479782455858327,0.8301151758449551,1.0088148064734757,0.9787757584270202,0.9664870725048642,1.0985233305174609,1.0235865423617743,0.8596235792282757,0.9068520417340403,0.9088843467665366,0.9187626305038129,0.9083916602789113,0.9251409480741761,0.9450461102283911,1.1222364619707534,0.8434820621234486
physparam_waso_k_plastic,0.0025081753808740438,0.003330128984574303,0.0005093674749064207,0.007567603652576115,0.009052704861359465,0.0034864649643563885,0.0027548053310445125,0.0006549078511312973,0.007404420284672055,0.007323033640893594,0.005088210190019788,0.0005590539541759054,0.002527935531554729,0.001580640392914193,0.006906535059485493,0.0027825191331092196,0.0005980401974107717,0.008695105261903058,0.009215068068569249,0.008658426912714874,0.0016126552702477172,0.0040005817418878
physparam_waso_k_rubber_leather,0.00031792671005888946,0.009153746751543762,0.008488119590873328,0.00019989032734902127,0.007211043559115943,0.004295849128579263,0.008779915599742507,0.00766401068116253,0.004624018310564338,0.0028562000810623944,0.005526824499916553,0.006382290251055004,0.0006357294423384117,0.006127964141811507,0.006899849796151921,0.005838485563741268,0.003881963617290132,0.004334930739336719,0.007507398135564934,0.00022691748325107884,0.009223288749016522,0.000993996614452948
physparam_waso_k_sludge,0.58251752415685,1.0531223288411076,0.6136403399977114,1.4314733620097737,1.1998325397806804,0.9475006635300864,1.2767204864823856,1.4158863157472483,0.7210801639488351,0.6680846272266256,0.9685670766127636,1.2765489681553017,1.030930160439984,1.4257692475301718,1.3832694880162886,1.3501015414305146,1.3730575099815243,1.1526736043592811,1.2337515978794664,1.2095602825251244,0.5564476611200546,0.6597787771357505
physparam_waso_k_textiles,0.9353416105410697,1.2380548344262665,1.047252777475905,1.2020944270803695,0.9803550641291597,0.9736169900539069,0.9835451821021017,0.8340850523722925,1.1772979449823193,1.1055402288666403,0.9029568413340574,1.2315315389861397,1.0091589593762005,0.9141064459697372,1.0362834695917884,0.8792216424528009,1.1150424682355295,0.8863016028151155,1.0965398279806946,1.235017709955837,1.133144339071875,0.8800033132732408
physparam_waso_k_wood,1.2258909419617872,0.9438638876666418,1.2943343708987114,1.0615320034439266,0.8938831795296309,1.276275071399473,0.872912788487321,0.9570619313945019,0.9573841658784759,0.7133028409131082,1.055206964650802,0.9015484453108045,0.9479728423653009,1.2836741127347508,1.0545025315471181,1.2792080981225378,0.7675905458449612,1.2485264323542,1.2439927520900425,1.1504867891258508,1.038311779784499,1.356133115486302
physparam_waso_k_yard,0.8331466947964832,0.7992239826802013,0.9603834900317116,1.053399473926417,0.9336041118741648,0.9399393475046657,0.9468121696533586,1.0093663652146811,1.0087367470374218,1.0665646217251512,1.1537492423318212,1.0855753172274727,0.9468266088787706,1.0251514963083193,0.968833596539998,0.9306381987130373,0.8179138669060747,0.8551555793755587,1.0421917075245337,0.807979277789284,1.08851943565189,1.029846922901972
elasticity_waso_msw_to_gdppc_chemical_industrial,1.0049226521708032,1.0089389314069095,1.0084473976587274,1.0078498819826909,1.0028839043463749,1.0027439429702214,1.004955191569511,1.0077459599933243,1.0051307345683427,1.003368628853444,1.0044391483680233,1.004721388551129,1.0066581598836517,1.004440798226164,1.0019477004506117,1.0020850106096368,1.001460973225568,1.0028745774026655,1.0009614381422407,1.0083725150799896,1.0031512767327087,1.000021429082326
elasticity_waso_msw_to_gdppc_food,16.525217057380495,13.223295653259079,9.46896309591628,14.154361504552773,16.132608774485693,10.403692862289214,3.5702429079545,15.56087221559957,14.200882531229535,5.395383545435998,15.999812329737413,3.7027277012771975,2.4301607420249707,4.4844197437110225,8.394269179894732,10.824498057626752,7.862738202215531,9.760752906827625,1.6973846425010783,16.411328299448236,0.9184168830879127,6.995521942527135
elasticity_waso_msw_to_gdppc_glass,6.193775659958315,1.0819533253758717,3.4237655196249803,4.046393023980528,0.7115524725971925,3.0336296962204368,3.0107433650525395,4.6611533479775815,0.22063448432892052,4.290499410275837,4.9153877310691305,6.344176152988814,2.2300652327420187,2.6790216305159866,6.289290920548104,1.0829806896885683,1.5329912731420796,2.1917616810107257,1.6242713425193032,6.146084409330742,5.527526641613054,3.5483624673743708
elasticity_waso_msw_to_gdppc_metal,5.0497364966041145,3.8439711455137533,2.9258918425961338,2.8181615900945194,1.1430582239258962,2.125420533802443,4.79525238508848,4.747699969793703,1.9312291889587079,2.978744469904725,1.75913499377277,1.9296505993135755,5.353269384959655,0.2822153136092692,1.1786184686161136,6.651704641004752,6.2205383186978676,0.4476239385775205,1.1893852169681831,3.0051162435131,1.931543180863259,1.082234328040451
elasticity_waso_msw_to_gdppc_nappies,21.47893008068565,5.388880100185561,10.54102373314268,23.236319833179678,6.127959757806872,13.781956032748619,20.42652871497591,8.584345924450155,31.61031109102307,10.765704571980125,4.249991267881504,5.227323158589959,26.928965211763398,15.375326256286025,9.98198688931653,7.786975816778591,26.557606649170047,6.1963473802881746,20.119732223677676,8.620207573003174,11.50615267339382,3.443247970397716
elasticity_waso_msw_to_gdppc_other,3.0366164222840695,20.306667713929567,32.9974319120335,7.9751858096333414,9.51752634618916,7.71286035143836,4.416791771842812,5.62721584085232,5.411979392700663,12.11400957770039,21.52724418848609,28.77799998559629,11.187894621667105,33.191611121727185,32.11132498150408,1.793354578499375,29.66254458366251,28.127422301729045,31.941413992418582,19.843366361891373,15.593991430144271,0.8028152005171431
elasticity_waso_msw_to_gdppc_paper,2.6265449647292733,3.0059587315705167,2.271784476330725,2.664912782028778,3.5948467242994315,1.7395657976522418,2.534369043026809,0.17318395100506145,2.1875050431195135,2.557694185558139,1.816978549436317,2.0833318565910046,1.0628049852565031,0.5357842205075878,2.2888804475321396,1.8043228319616185,0.11521501419795371,0.7210944400189346,1.898777398936658,0.6891906877716213,1.6280280998871266,3.278987495978032
elasticity_waso_msw_to_gdppc_plastic,5.263009587147284,5.693126666648123,1.0460366486690043,5.11859838679613,3.111503884172848,6.112135198400795,5.4030818694424045,1.9674653271934635,3.1549106924778276,5.529613691853623,5.0153165918172515,4.7549193948491055,2.797384255035519,0.5128612569963511,6.5675039914754905,2.979543194161925,2.3597913090572313,4.333341303877542,0.49853087447757316,1.6068814744305633,2.9156897578224146,5.088744637496223
elasticity_waso_msw_to_gdppc_rubber_leather,3.3227451535836607,6.162509645337716,0.8421976600080089,0.5244025236129787,5.830324364817074,3.3652956748989387,1.1878615685563492,5.528980262921175,5.972449470863167,3.695194640614586,3.981741004258776,0.9997751869817968,3.9604849699702926,3.5325662993011697,6.127037527120709,0.5191324282150088,2.6025909086247836,3.022983248956798,6.08121879254892,5.957599615002301,5.093365770966468,3.209013934156251
elasticity_waso_msw_to_gdppc_sludge,1.003613437283933,1.0018911093627065,1.0031076174808669,1.0087716567722862,1.0045647950790357,1.009564942898696,1.0069440240326157,1.0057813031971963,1.0094200987053858,1.0076619030589133,1.0057075650287295,1.0021726247526406,1.000704460815869,1.007347791049758,1.0077302815726104,1.0085613237012137,1.0011854087690437,1.0071212359630928,1.002597057911928,1.0011727821090528,1.007054230741721,1.0032891590968696
elasticity_waso_msw_to_gdppc_textiles,27.263977953671443,0.26961039585517943,27.127008007331025,8.774719049225409,3.1960692112674134,32.664552448608696,28.0616170983214,32.46869892316682,1.0146186117450584,7.179399458929593,26.041346584287137,5.497931494361543,11.918090548074037,33.211949168667616,21.194292456058523,5.128199483564785,18.69494499502196,9.425804605309175,23.776967780101934,23.09947028357676,8.194723621831436,16.306783847538767
elasticity_waso_msw_to_gdppc_wood,2.9679754550621475,2.9156844616800996,7.5892816449667535,15.315505035845051,13.762899579253494,7.590336523366643,3.2811787231892935,1.6853015306213133,4.643541555896817,5.951625592672103,10.605156141675637,3.604083988735188,1.7355294909881753,13.087713079965255,3.5218820386652663,16.02090363753539,16.486455814647424,15.810896443656784,15.972558376290506,11.201747052274548,9.159651356322236,9.238591402662902
elasticity_waso_msw_to_gdppc_yard,12.549754544434357,11.865829300268498,0.3107983333807435,9.407652520925904,8.556870165653638,0.9719289782264267,0.7695666924675785,7.735851169929785,8.784983393415663,13.589314721751045,3.968382366826633,13.182816691983588,9.70877905315975,6.051875335925834,11.340139166180442,4.251594553883938,11.976970833979403,9.955854912376603,8.560214555813115,5.438540760667636,9.822294298703317,14.916872642203359
ef_waso_incineration_tonne_n2o_per_tonne_chemical_industrial,1.1338444202221099,1.0236792988133325,0.8267900652705144,0.9161996037691773,0.8099302387227154,0.9595778682765047,0.882472521550544,1.1844933462812506,1.08126259030793,0.9664672801862252,0.8985238383490419,1.1470741793077317,0.9592760418247587,1.0614742230098577,1.06383529117458,1.178771192562151,1.076064678520928,0.926416077560426,0.9075639691585894,0.9208760106694104,1.0586869150204496,1.089614610815266
ef_waso_incineration_tonne_n2o_per_tonne_food,1.0170648622075449,1.1162101870210497,1.0415560232334737,0.8124600933858767,0.8454270406876063,1.1692546020337136,0.926881845696,1.153697291369696,1.1640489067740574,0.9829366195639464,1.0436731277953555,0.9176084795237851,1.147384235223893,1.2087005632922136,0.815583856338022,1.0717813003328636,0.9716953239097494,0.8617827621367986,1.0217149189370114,1.187991461276881,1.1382882088167698,1.174473719812538
ef_waso_incineration_tonne_n2o_per_tonne_glass,1.1008861422670804,1.0075255016613827,0.9887481365911385,1.173634644353906,1.1723252064336123,1.1845604038918078,1.0754103047461854,0.8454482772268098,1.123659080321477,1.0826750034492463,1.1524065912128476,1.1774377321815153,0.9685235160369206,0.8214619972029626,1.0821798426237679,0.9109861250368674,0.9363848670778404,1.0458209630224253,0.886107763739046,1.0146782014471025,1.1668303313379038,1.122889995021969
ef_waso_incineration_tonne_n2o_per_tonne_metal,1.0484112709523927,1.0523715617116027,0.8395304003287912,1.0193277022142366,1.191440431646115,0.9214400924956813,1.124021457791648,0.8875692115361872,1.2000473089523211,0.8174058609814325,0.867813670453633,1.0399690623576798,0.8461233010310427,0.9142919442697159,0.8839945386945388,0.9171789405819616,0.8183631731325861,1.0660581568786227,0.9567614547425726,0.9405681476081632,1.0493592722618472,1.0346688351730828
ef_waso_incineration_tonne_n2o_per_tonne_nappies,0.965962075381906,0.9828512090869428,1.0030002187639508,0.8254599528828257,1.0527736935432805,0.8217625101173298,1.0744254999522194,1.0808670933673843,0.8711814336654757,0.9793346923490568,1.0342995539948276,1.0821295310874213,1.0148486008472533,1.1316771751892145,0.9508728483449347,1.0294443410552194,0.862116247894112,0.943673887605576,1.0738981727346506,1.2021781720545615,1.1881489452443859,0.9277504421435363
ef_waso_incineration_tonne_n2o_per_tonne_other,1.053059629247481,1.1661741308297833,0.9901847921339392,1.0881515256785084,1.1063276449788755,0.990402472770251,1.0966936669751057,0.9573038662568311,0.9755568305485969,1.1070268684182594,0.9544554512866654,1.0567200302588944,0.9194573414244852,0.8653266126711162,1.0683758599814155,0.8218123512240105,0.9476647379646411,1.0512307514433674,1.066425348616024,0.9523369476547383,0.8239023908064126,1.0252165041151122
ef_waso_incineration_tonne_n2o_per_tonne_paper,1.0025362773617548,1.1534329221164126,1.1531913595377112,0.9796561302193423,1.187764274295632,0.92699603791529,0.9269568945014014,1.01311212887037,0.8022060585350701,1.0849756488945432,0.8387955708622272,1.1092802876126808,1.0725616942727818,1.1063039890871047,0.8356759440254561,1.0542939206107544,1.0960735917996405,1.1716855564964646,0.8353186252015624,0.8959069358692607,0.9139016709313046,0.8427713369246027
ef_waso_incineration_tonne_n2o_per_tonne_plastic,0.8887942653714757,0.9352390592580894,0.9005731338347962,0.8585897849290041,0.9617016260579471,0.9250110019000024,1.0156551494547001,1.1635033549890421,1.0692256209138873,1.2016747145604298,1.1786071103603706,0.897391978463411,0.9923653680438603,0.9970000594407329,1.1753325655360902,0.994336156760695,0.891887737540718,1.1015893307565052,1.0677157310801109,0.9629045086041765,1.0303207698512191,0.8124406957990036
ef_waso_incineration_tonne_n2o_per_tonne_rubber_leather,1.1228864270878796,1.0193877828029958,0.9116782614838819,0.8006666843692465,1.0093992780059469,1.080950854285819,0.8986246691439251,1.0365543661498184,1.1924074945212526,0.8194109055312113,1.1229906425325669,0.8232172497096248,1.1905090847687285,0.9360380015676916,0.9510605497816287,1.1989386956235573,0.9222159532042735,0.9786562044718297,1.1283420732370328,0.821512333177214,1.0633780213203732,0.9595953597068095
ef_waso_incineration_tonne_n2o_per_tonne_sludge,1.005096213525308,1.0581296436863925,0.9930882121973164,1.0559262821630409,0.9885868524662764,0.9828901423746432,0.9884842692902248,1.0515527088375514,1.037724311812181,1.0238669022242368,0.9987356369933865,1.0019006354749582,0.9512413442874755,0.9795113491720765,0.9955547717544301,1.0085833334078391,1.0394203632724501,1.036178522478254,0.9812197334301312,0.9862997642934181,0.9723513896674746,0.9556218937410053
ef_waso_incineration_tonne_n2o_per_tonne_textiles,0.9350773169856864,1.0028409386104484,0.9627559566908472,1.1782717428843936,0.8691613170379597,1.1133463883898613,1.0661569043421284,1.1029382786592585,1.1456856603277572,0.8932707091163204,0.8710406285679434,0.9987692232246581,0.8518308653210233,0.843929302601953,1.1558279711876507,1.092294593636611,1.1597196830767347,0.9590973701938594,0.8586271260474194,0.8962421261704285,0.8869903203396547,0.9515452756217908
ef_waso_incineration_tonne_n2o_per_tonne_wood,0.8921906270413195,0.9883926628290514,0.9767343770971056,0.8755789185401637,0.9885190617817501,0.9775078428910351,0.9138319129322754,1.1794631579438322,0.8520623961398363,0.8203251947511017,0.8213916649131725,1.0332099594654136,1.1872564851828886,1.1089035773113904,1.1286856274110917,1.205784565296539,0.9550978688165228,1.0127529955320507,0.9189695302988519,1.1531993690609839,1.0871437003782942,0.8044993909373789
ef_waso_incineration_tonne_n2o_per_tonne_yard,0.8928560834058535,1.0371310090591164,0.9904001206219214,0.9053951539903158,1.0325460243604485,0.8886089038641588,0.8753572239780013,0.8646726299028491,1.0721754837360304,1.171739044960425,0.8909626101100834,1.1325825751212624,0.8298539614655668,1.0441129184382099,1.1568297603253983,1.025861231026966,0.8692314293866072,0.9025003131106543,1.0658343423282257,0.8931796779212308,0.9733292727668476,0.9707465405873439
ef_waso_compost_kg_ch4_per_kg_food,0.7695334000850722,1.19325612092954,1.1678769316366087,1.340493954349264,1.3366730780651648,1.1471888407855393,1.1339516917165495,0.8133765227599182,1.15392133007885,0.9846220957832195,1.0621552977126485,0.6950089634583068,0.9827578062769606,1.3555553470965873,0.727255720550237,1.265205503219407,0.8165614884090534,0.6479908768682991,0.7947447443361934,0.8391945438026975,0.7899946207552747,1.0232844823098515
ef_waso_compost_kg_ch4_per_kg_yard,0.8974098276153939,0.6212980897821343,0.9238445077377893,1.0823843005477212,0.7093459143440866,0.6978022863552145,1.2804899288005376,1.20968461394075,0.8990160296038987,1.4056043674469318,0.753133479752641,1.2730646298309014,1.266431956935167,1.2084741772597594,1.2012116219938667,0.8515332286174091,1.2009720989389128,0.7288184153200568,1.3731296058232307,0.7639286306048082,0.7579654840228369,0.6527150789105525
mcf_waso_average_landfilled,1.6266156966732122,1.5289641749036622,0.8644795527642932,0.9691353455866527,0.9281833638860536,1.2250709016253867,1.3045065550096822,1.0174790430626202,1.1934850613287469,0.9715947330861892,1.2348019712776093,1.6110018404647843,0.9215992850929445,1.2774350338983165,0.9282987735293714,1.0266027374312485,1.008370834278843,1.3702114643917342,1.2712461019400216,1.033337244714329,1.613737758202387,1.219270526314307
mcf_waso_average_open_dump,0.8074274376588124,1.130319455640908,1.0849498650800427,1.3838296531426135,1.4125697731418145,0.8417840924991972,1.3099028338484677,1.2862167978749932,1.6082059872761814,1.3349748364461573,1.5158623598952765,1.5235602820929905,1.0214149783657116,1.645026511214871,0.9115995703756777,1.2988626491938728,0.8877024924583918,0.77181964383885,1.566297479169797,1.6259212658250424,1.41980207688959,1.6375804670719836
frac_waso_compost_methane_flared,1.3248008885040912,0.3342570833647887,1.673881905465878,0.5788642977135788,1.1714059245638768,1.2141829740411898,1.6870737459401552,1.1104523838328286,0.7023571151210259,1.604941145125557,1.5558508411267802,1.345130446386078,0.867784398562403,0.9755704593120904,1.9230171026029328,1.5287340563488527,0.9672507649185164,1.5123990704581105,0.39078526206607095,1.174300174393878,1.5541794144145376,0.7188509404243936
frac_waso_landfill_gas_recovered,1.0048865746370075,1.0072124359249457,1.008107326609923,1.0022759459266146,1.0088432396347424,1.0090528765229,1.0019330901461507,1.0085905443101353,1.0005446057745035,1.0002661898290537,1.0075271582862457,1.0004889778985766,1.003133586057268,1.0069476956822354,1.009673270867606,1.0071156283527645,1.0019485492215625,1.004578346803996,1.000625153184083,1.0039982261640799,1.0061381970769854,1.0084368786209856
ef_waso_compost_kg_n2o_per_kg_food,0.6111018113874034,0.7868733019148804,1.4319371504480924,1.024640887265212,0.844779420009102,1.0144433772894992,1.036749687766654,0.7252880689895753,0.8469547485333289,0.6160568246696653,0.757126783856204,0.8714830644539227,0.7601050642885645,1.2289891078247808,1.0277866108550624,0.8041588002753168,1.332824406942907,0.8559735447613412,0.6983687876788436,0.9340104633123462,1.2666946207485692,0.729342226157652
ef_waso_compost_kg_n2o_per_kg_yard,1.2248716344302268,1.3959934141188368,1.1198614589114595,1.1643730124411955,0.5867697446552644,0.7166306445496577,1.4162465105671176,0.8248142801583878,1.4101909500374714,0.932127363027091,0.7573164473274085,1.1600608779494528,1.2446962119988814,1.252309080752053,1.1571198884928218,0.7560446260574805,1.4265513495843958,1.3375848109840214,0.6395528358932795,0.9422423765230356,0.6586902690581252,1.2348777502393555
qty_waso_annual_waste_collected_tonne_per_vehicle,1.0083465941873495,1.0086664759316215,1.005833211739742,1.0040326061559737,1.005195689387979,1.0026949145268578,1.0026702715590206,1.0018663519538422,1.005336375557304,1.0043208258827456,1.0089431371146556,1.005602946856448,1.0070678778342035,1.002912228500584,1.0063979972820256,1.0066959635696064,1.0095456309753714,1.0043539279498366,1.004360451088382,1.009377240540734,1.0069063538611926,1.0017143742698424
ef_waso_incineration_kg_ch4_per_kg_msw,1.5140534437971316,0.3233136240888894,1.7279099805947764,0.7104119672641604,1.870037310272594,1.0588077704564025,1.0651732404350238,1.8965269375090559,1.059237554964563,1.6411837957098474,1.7221541586598534,0.6070167985819905,1.5651419768301469,1.4223029674302896,0.24160067927688614,0.23433421941226057,0.6805445331727882,1.7206071367137397,1.0394798742960387,0.47571225734692907,1.08221774288348,1.3932158005729904
historical_back_projection_growth_rate,1.9807729725195948,1.8484815249535498,1.5067660806207583,1.9936542151259413,1.9338058109723246,1.9620084803998783,1.3225502967556948,0.736061896294586,1.9783490113479978,1.596814129824989,1.9739134209376328,1.4076412612111913,1.971231483002124,1.6409382649173523,1.8064693049582439,1.6642717375392901,0.5238656491930248,1.9509639292991305,1.8701929407573972,0.6045382644405151,0.8427600530637802,0.5133956323318021
ef_waso_incineration_kg_ch4_per_kg_isw,1.0115302001741908,1.6430635331685226,0.856421861225448,1.5048159695223566,0.25625550164377503,0.6329148618985521,0.24281472948497063,1.2141316894223229,1.0455244488474893,0.583815164431241,0.6366903643931834,1.3678681230465624,0.46265148104224907,0.38388507516639336,1.7903026485826916,1.2293100815613198,1.0844956884328114,0.3545870684630687,0.8254317415335466,1.250316949040878,0.6308625970440453,1.538876034426972
ef_waso_biogas_kg_ch4_per_kg_food,1.1750456339496793,0.7742856756917065,1.3898227850334552,1.274479275602693,1.295241300204704,0.8404867185688518,0.6391913733571124,0.9791253359550635,1.3120624082689165,0.8094794634690841,1.3460115214140083,0.5700249946119262,1.0290969611637069,1.1601467580359186,0.5759732649920378,0.9159086017750844,0.7215659979102462,1.2160943317867394,0.7552576393280748,0.8520351497235532,0.632586741615733,1.3534141722575885
ef_waso_biogas_kg_ch4_per_kg_yard,1.3750572180379719,0.7478703573187466,1.0482814731320849,0.639289504433345,1.3847407827879545,1.2393373568306667,0.8151203377181316,0.9335376399273994,1.439527170133048,0.5706543130476348,0.8634981804601711,0.6857736682576959,0.8198939909778087,1.345066587664683,1.2490859749845113,1.2053194696107465,1.1668497153136856,1.1458240286694767,0.7488425090077706,0.6067069081716754,0.7432312510403338,1.3671918233274805
