ef_ippu_tonne_co2_per_tonne_production_cement_clinker,ef_ippu_tonne_co2_per_tonne_production_chemicals,ef_ippu_tonne_co2_per_tonne_production_glass,ef_ippu_tonne_co2_per_tonne_production_lime_and_carbonite,ef_ippu_tonne_co2_per_tonne_production_metals,ef_ippu_tonne_n2o_per_mmm_gdp_other_product_manufacturing,ef_ippu_tonne_n2o_per_tonne_production_chemicals,ef_ippu_tonne_sf6_per_mmm_gdp_other_product_manufacturing,ef_ippu_tonne_sf6_per_tonne_production_electronics,elasticity_ippu_cement_production_to_gdp,elasticity_ippu_chemicals_production_to_gdp,elasticity_ippu_electronics_production_to_gdp,elasticity_ippu_glass_production_to_gdp,elasticity_ippu_lime_and_carbonite_production_to_gdp,elasticity_ippu_metals_production_to_gdp,elasticity_ippu_paper_production_to_gdp,elasticity_ippu_plastic_production_to_gdp,elasticity_ippu_rubber_and_leather_production_to_gdp,elasticity_ippu_textiles_production_to_gdp,prodinit_ippu_recycled_glass_tonne,prodinit_ippu_recycled_metals_tonne,prodinit_ippu_recycled_paper_tonne,prodinit_ippu_recycled_plastic_tonne,prodinit_ippu_recycled_rubber_and_leather_tonne,prodinit_ippu_recycled_textiles_tonne,qty_ippu_cement_tonne_cod_per_m3_ww,qty_ippu_chemicals_tonne_cod_per_m3_ww,qty_ippu_electronics_tonne_cod_per_m3_ww,qty_ippu_glass_tonne_cod_per_m3_ww,qty_ippu_lime_and_carbonite_tonne_cod_per_m3_ww,qty_ippu_metals_tonne_cod_per_m3_ww,qty_ippu_paper_tonne_cod_per_m3_ww,qty_ippu_plastic_tonne_cod_per_m3_ww,qty_ippu_recycled_metals_tonne_cod_per_m3_ww,qty_ippu_recycled_paper_tonne_cod_per_m3_ww,qty_ippu_recycled_plastic_tonne_cod_per_m3_ww,qty_ippu_recycled_rubber_and_leather_tonne_cod_per_m3_ww,qty_ippu_recycled_textiles_tonne_cod_per_m3_ww,qty_ippu_rubber_and_leather_tonne_cod_per_m3_ww,qty_ippu_textiles_tonne_cod_per_m3_ww,vol_ippu_cement_m3_ww_per_tonne_production,vol_ippu_chemicals_m3_ww_per_tonne_production,vol_ippu_electronics_m3_ww_per_tonne_production,vol_ippu_glass_m3_ww_per_tonne_production,vol_ippu_lime_and_carbonite_m3_ww_per_tonne_production,vol_ippu_metals_m3_ww_per_tonne_production,vol_ippu_paper_m3_ww_per_tonne_production,vol_ippu_plastic_m3_ww_per_tonne_production,vol_ippu_recycled_metals_m3_ww_per_tonne_production,vol_ippu_recycled_paper_m3_ww_per_tonne_production,vol_ippu_recycled_plastic_m3_ww_per_tonne_production,vol_ippu_recycled_rubber_and_leather_m3_ww_per_tonne_production,vol_ippu_recycled_textiles_m3_ww_per_tonne_production,vol_ippu_rubber_and_leather_m3_ww_per_tonne_production,vol_ippu_textiles_m3_ww_per_tonne_production,net_imports_cement_clinker_tonne,frac_ippu_cement_clinker,ef_ippu_tonne_cc4f8_per_tonne_production_electronics,ef_ippu_tonne_c4h5f5_per_mmm_gdp_product_use_ods_other,ef_ippu_tonne_ch2f2_per_mmm_gdp_product_use_ods_refrigeration,ef_ippu_tonne_chf3_per_mmm_gdp_product_use_ods_other,ef_ippu_tonne_ch3chf2_per_mmm_gdp_product_use_ods_refrigeration,ef_ippu_tonne_c2f6_per_tonne_production_electronics,ef_ippu_tonne_ch4_per_tonne_production_recycled_paper,ef_ippu_tonne_cf4_per_mmm_gdp_product_use_ods_other,ef_ippu_tonne_chf2cf3_per_mmm_gdp_product_use_ods_other,ef_ippu_tonne_chf2cf3_per_mmm_gdp_product_use_ods_refrigeration,ef_ippu_tonne_cf4_per_tonne_production_electronics,ef_ippu_tonne_c6f14_per_mmm_gdp_product_use_ods_other,ef_ippu_tonne_ch3chf2_per_mmm_gdp_product_use_ods_other,ef_ippu_tonne_c2hf5_per_mmm_gdp_product_use_ods_refrigeration,ef_ippu_tonne_ch4_per_tonne_production_chemicals,ef_ippu_tonne_c2hf5_per_mmm_gdp_product_use_ods_other,ef_ippu_tonne_ch4_per_tonne_production_metals,ef_ippu_tonne_ch4_per_tonne_production_plastic,ef_ippu_tonne_c2h3f3_per_mmm_gdp_product_use_ods_refrigeration,ef_ippu_tonne_c5h2f10_per_mmm_gdp_product_use_ods_other,ef_ippu_tonne_chf3_per_mmm_gdp_product_use_ods_refrigeration,ef_ippu_tonne_c2f6_per_mmm_gdp_product_use_ods_other,ef_ippu_tonne_ch2f2_per_tonne_production_electronics,demscalar_ippu_cement,demscalar_ippu_recycled_wood,demscalar_ippu_plastic,demscalar_ippu_other_industries,demscalar_ippu_other_product_manufacturing,demscalar_ippu_recycled_metals,demscalar_ippu_recycled_plastic,demscalar_ippu_textiles,demscalar_ippu_chemicals,ef_ippu_tonne_co2_per_tonne_production_plastic,demscalar_ippu_electronics,demscalar_ippu_lime_and_carbonite,demscalar_ippu_paper,demscalar_ippu_recycled_paper,demscalar_ippu_recycled_rubber_and_leather,demscalar_ippu_rubber_and_leather,demscalar_ippu_recycled_glass,demscalar_ippu_construction_and_demolition,demscalar_ippu_glass,demscalar_ippu_recycled_textiles,demscalar_ippu_metals,gdp_mmm_usd,MSE_training,MSE_test,country
1.0139819762916944,1.0284336968810128,0.9863380243615725,0.9624655595150567,0.9800480791082053,0.9975192617148902,0.9763978548449811,1.0338866163092133,1.0292732797454787,0.9857993782005049,0.9732768346857552,0.9619208245904228,0.9937827442298598,0.9943820546368923,0.9940074808215508,0.9818116208329399,1.0263515550418856,0.9946540081555885,0.9861324366989456,1.016801073716384,1.0256920134592142,0.9884141490265705,0.9750127941052606,0.9862744515791986,1.0234757594643542,1.023606393263265,0.9959811238132799,1.0260631807839065,0.9817803542794126,0.978094178367213,0.9794895740415943,0.9695887129373231,0.9874346272265111,0.9873204884172412,0.9868046057812491,0.9754884081832403,0.9945074454408718,1.03255502825951,1.03376587228341,1.0003339063319505,0.9986607351273833,1.0294445579522675,1.0320302703214794,1.0226092186107476,1.0463210990689649,0.9767418788952343,0.9901708445617042,1.0066425635271794,0.9800449852864974,1.0255796043767613,0.9780343359841628,1.0339263474036207,1.0625562569028435,1.0086202482247815,0.9851971011851083,1.011204760834291,0.9753453916772583,0.0001626817482745802,0.00016961017812342367,0.0001617986592433587,0.0001613565915707538,0.0001447228144692237,0.00017164290468194184,0.0001534720922879439,0.0001428376181872571,0.00016837945125972804,0.0001358069111431544,0.00013771617264754125,0.00014190927607476183,0.0001740292853785379,0.00015942614220750107,0.0001550481027775737,0.00013800547847352972,0.0001319211624587151,0.0001316891423252126,0.00012936737151922228,0.00016499305594038207,0.00016982153355507034,0.00015707062777442143,0.00015499160182061582,0.9075573387453614,1.0101839840106537,0.9019616953110395,1.0710661281405423,1.0379539832107487,1.0278152600938792,1.0146159072032055,1.0405175970959057,0.9585408029915878,0.9845877525977942,0.9704334877357252,0.9810499299502262,1.0553817673322052,0.9686098184758732,0.9618295614557679,0.9812262275054875,1.032552432085645,0.9908707106071869,1.0519685596906498,1.0592302579056065,0.9937525573120244,0.16115718778653884,1.6824105491456172,1.650650349711693,argentina
0.9798982275794397,0.9880800750352664,0.9824136398453703,0.95840553236612,1.0232319197540272,1.0316678015284764,1.0410951929596202,0.9893175115866802,0.9883725012170577,1.0341794527412658,1.0179688106387461,1.0007171800413734,1.0259881163961482,1.0100950500596109,0.985886982894814,0.9973512656804894,0.9714442438741023,1.0311236526665208,0.9755831024244039,0.9996463631679429,0.9693222995852915,1.0078277492838124,1.0223051632219897,0.9855059625815956,1.0164306798896934,1.0113446611153498,0.9964489293420793,0.9441936754528023,1.0433884745489685,1.0051266561148138,0.9820205293258253,1.013115645757338,1.0370688238728936,1.03547417804241,0.9593584993811792,0.9725924870119508,1.0241483060995131,0.9797651072450106,1.0077177368190122,1.0011826666088586,1.0021232928013442,0.9895942218966985,0.988230122407868,1.0266745074875046,1.0110978396400485,1.0020461359499244,1.0066805582531095,0.9654400664527084,1.0012151313860627,0.9880856838324235,1.0019801466249165,0.9849650642164168,0.99394460728682,0.9879378733370243,1.0101624504820303,1.0029356316181142,0.973204434688015,0.00015276818453231972,0.00016584815607161574,0.0001507825421046062,0.00016219207331414986,0.00015766571887217728,0.0001437842707950637,0.00015314590389281063,0.00014633439963548364,0.00015822837423536582,0.0001617052757172634,0.00013811272566037236,0.00013273624107875337,0.0001717859881238977,0.00014929442199248548,0.0001447011034533602,0.0001477040246850838,0.00015412106855761484,0.0001245666212260311,0.00012453810916903952,0.00015001088551631878,0.00012985521543012592,0.00017580357237460985,0.00012400945901143014,0.9408448164866586,0.954201709776491,1.0756697256966234,0.9860837993904807,0.945769697343013,1.0237193067861827,0.9716563440876286,1.0104269746935672,0.9448633090875439,0.9887066349610117,1.0024273477675567,0.933547225631593,0.9786814514555784,1.0597566972016192,0.879434235453648,0.991317645821426,1.1159492981344943,0.9926088840283052,0.8918272699019641,1.0533048083453664,1.003672364062184,0.18137287117679737,0.0005054450854936372,0.0005376908652202639,bahamas
1.0140326695319344,0.9044616564921643,1.0027648530248106,0.9673750487430295,1.0328656258541757,0.9807255099183289,0.9813190012089545,1.031217297355024,0.9785784712221989,1.0104102581587684,0.9897218158586808,1.0015124425943134,1.0556684639404488,0.9851478369236736,0.9645506396290543,0.9865798419417205,0.9729883844744279,0.9985755386310579,0.9965692987101101,1.0291744858967864,1.0008777791392471,1.0057114919593941,1.004118641591137,0.9891681752123519,0.981423100552307,1.0414043111669806,0.996960636417194,1.0272622055471696,0.988628910355062,1.0251658333543385,1.0009483588734664,1.013807860392875,0.9916847591353171,1.0001985310686268,0.967116946939525,0.9832307825825374,1.0269054826420085,0.9947364602837291,1.014742125918173,0.9556663023779736,1.0089997915348805,1.0015075066484567,0.9800024660570651,0.9661928947554106,1.0244232315058424,0.9850468237385747,1.0141499551258975,0.9791495421402088,1.0055679430258604,1.0041017324343582,0.9585376282882765,0.9790009182968447,1.003248767645745,1.0719148213169483,1.019681358886126,1.0080583112427517,0.980449045650817,0.00014351406019990994,0.00013168443391213996,0.00015290996008175738,0.00015237136994098485,0.0001276372912904255,0.0001532212385021198,0.00014739954730583335,0.00013495285732594565,0.0001343078047338254,0.00014352713912513062,0.00015953888254293655,0.00013750743300095154,0.00014620517985425665,0.0001371652883170486,0.0001468640961071098,0.0001418216472757583,0.00014087787203149514,0.0001566487016466522,0.00015077495632797477,0.0001414868267899925,0.00016279579650253946,0.00013485738117179112,0.00014089278200624797,0.9672772467891453,1.0320139907556962,0.9915581375795889,0.9839198374188787,1.0582924990867373,1.006420536919304,0.9649668779274908,1.0051339246715152,1.057592693293892,1.0091160563100794,1.041092505186421,0.9827651534541973,1.0345251331815504,1.023185692368128,1.0373126621344142,0.9699518602763575,1.0614274477639283,1.0652347215122866,1.0031032412411087,0.9748588720858227,0.9704033912216167,0.20213706782138743,0.0005359038527737429,0.0005228212402354856,barbados
1.0102113147111436,0.9171702811126027,0.9989394398088456,0.9332428610382337,0.9599119971466576,0.980971096044774,0.9828186757218214,0.9982349680739745,0.9976287767363478,0.9634812180152293,0.9924332916460569,1.0203484414782678,0.9536860402051941,0.986182256645977,1.013921435512496,0.9902450937282096,0.9946377083285876,1.009270783886091,0.9962349311233514,1.0041735200992963,0.9941698300821203,0.9848578657720879,0.9779714525720907,1.0002351356439205,0.9799877655078563,0.9954342416525731,1.0084443879534322,0.9756007036762682,0.9973928894778451,1.004320200831212,1.0211471713185956,1.020760169253437,0.9899927400902961,0.9924329784662187,0.9800619526855302,1.0061857024331178,0.9982295770892223,1.0222476011423836,1.0095414051558071,0.9831249056583522,0.9872223888775212,0.9609146242618612,0.9507971058904695,1.0379536233324567,1.0151170614485643,0.9969673422804292,1.007783908874834,0.9890209657020799,1.0162577845237182,0.9978223232387567,1.0223462561974013,0.9230237195772061,1.0144206365111563,0.9901882237436892,0.9778594607221576,1.0059372095617245,0.9785739941428216,0.00013700807963584253,0.00015835968664463737,0.00013990296894521122,0.00014255432866687334,0.0001373345296094659,0.0001522447659448002,0.0001456276145163142,0.00014929023673640687,0.00013225362873793827,0.00017290005097458938,0.00013862123427313405,0.00017530421900950176,0.00011652046642743743,0.0001561328688357664,0.00015400074244554694,0.00014468253137953614,0.00012718868415518802,0.00015734737783220122,0.00014626665080281825,0.00015258848009972218,0.0001512525986772068,0.00016309739651824688,0.00013866596419740288,0.9991419058761356,1.0530934613428522,1.0141108517122863,0.9830962470404523,0.9543296083598342,1.0134805319504694,1.0777754645735327,1.0396622180700683,1.0145967036508843,0.9342077968795967,0.9954440660435263,0.9681049128480621,1.035866698996368,0.9777604630422626,0.9977701279567721,0.928808053478233,1.013938463157383,1.0329191207145303,1.0808126394936957,0.9451507420583017,1.0055444884926201,0.03073022162813771,0.0015247205059414485,0.0015313314696367515,belize
1.005644276311376,1.0514224937983017,1.009897367335391,0.9690496903090557,0.9827642657061769,0.9999422043553325,1.0160921869802588,0.9766506837873687,1.0119189627754532,1.0225160255551595,1.0273525236152488,1.0091177813151575,0.9831327813053331,1.0350538486356755,1.0164213955294867,1.0054286491828317,1.0199340141235465,1.0083545147063084,1.0347314084494112,0.9908560416868593,1.1346733909477376,1.0035890333676405,1.0908382205364269,1.035954696050037,1.0484140438243714,1.041310141787297,1.0476376292821836,1.0877771778073484,0.9864518033290817,1.0826234314662302,1.0036237430260995,1.044247001983713,0.987734178547645,1.0065714970784536,1.0101232878456436,0.9929947256849558,0.9838001561305376,0.9627069386817484,1.019999074978474,1.0285629091942745,0.9924465628758625,1.0960760979834046,1.0779922804362985,0.9882743546748172,0.9841056013293336,0.9822806656274725,1.0069502604191893,1.0032393501117305,0.9839689171479908,1.004744442516589,1.0106167424455652,1.138792952919753,1.0258215467860674,0.9698628546277115,1.03122208207538,1.0035310101709922,0.9737043777868634,0.00013679384684065464,0.00015995897762117187,0.00016574587887634854,0.00015474441013385644,0.0001462412776878819,0.0001604483910031038,0.00016057002500770233,0.00013914962285223686,0.0001577379145394211,0.00013376319828744488,0.00015238340255218112,0.00014812647396985785,0.00013770466319333987,0.00018807840527705196,0.0001457785453134103,0.00013318458663548173,0.00017355504354986685,0.00015745462501904386,0.0001610971056942831,0.0001612210939054199,0.0001785559013990121,0.00016610424142752886,0.0001545348857517344,0.9847210756296,1.0726871198935273,1.0289241879140367,0.9678757515072081,1.045951164217568,1.0266685156808153,1.0221940498856117,0.9711183700155238,1.1082520264150457,1.0033554719212738,0.9203800745762463,1.0239647936264888,0.9729993591468201,0.9983450064578386,0.9882323171598849,1.038709588956585,1.0591194569147444,1.0022233353295105,1.0187168272808382,1.0583741240295117,1.0657643336912885,1.960422879444148,1078.036130024073,1049.0035378540667,bolivia
1.0280676698609628,1.0799140418414521,0.9925320194187423,0.9471277693763256,0.9970163172038842,0.9887069101864705,0.9970059732433766,1.0008069391881749,0.9971992258097329,1.0510354437088287,1.018397756663357,0.9713488859777838,1.000784769665968,0.9908292306657446,1.0165577922461384,1.0263524257806091,0.9991194861996099,1.0441475802426532,0.9901305964395708,1.004108556144493,0.96868254180631,0.9805983451097958,0.9871871637240267,1.0093008588576018,1.0076973871117865,0.9739697305172431,1.0304300315316453,0.9770787916003625,0.9941655598350057,0.9877173329123882,1.0130316573620302,1.0180916452549216,0.9668618462086426,1.0332224586021839,0.9877406340713678,1.024085159575505,1.0136289073216114,0.9985507628531443,0.9942996970246897,1.0155623023615057,1.0236165149835934,0.9985912754496058,0.9936926547030224,0.9999155844096819,1.0009689849759489,1.0057253801824315,0.9648963630929048,0.9731085464182917,0.9927625885804594,1.0174742858799866,1.025740184060551,1.0019889035691583,0.9843078657775161,0.9995411544969849,1.0332688424265424,1.009119250279813,0.9746463420606034,0.00012864960010286748,0.00014065343767464197,0.000136088631192503,0.00016683430703361203,0.00016839802333354706,0.0001442425563349525,0.0001586568398257471,0.00014173689584030336,0.00016770745608164092,0.00015427121461920968,0.00015450768158727289,0.00015316709175168555,0.00013644960952872073,0.00015538684694092351,0.00013676219584161296,0.0001724590296160087,0.00013865837842077377,0.00014536394338377415,0.00014975035332582835,0.00016063620436934515,0.000152782309771552,0.00016331738404052742,0.0001480681419633476,0.8698665569819147,1.0234430068987832,0.9226316036480041,0.9938375584322033,0.9203903146542952,0.9875359369311498,1.0666367483633514,0.9535326829709418,1.053367066248793,1.0042244493211712,1.0216748448905393,1.0013272791135428,1.0011347386538378,1.0176178417283774,1.0016049311748942,0.9937391066723359,0.928533623473703,1.030692834422897,0.9875198766723693,0.9569978311647102,0.9384761972824733,0.3476053679160974,8.142558292977096,5.829884217185899,brazil
0.9852454502597839,1.0554222877280117,1.0199949593628406,0.9616778939999536,0.9978658925317467,0.9940040796101702,1.0417524719499422,1.01867687840704,0.9936797235602951,1.0312625645289206,1.006234300655212,1.0070256032457932,0.983329545436814,1.0097686560417511,1.014430501250313,0.9877263837926828,0.9948626024468419,0.988320579269622,1.0073183976139954,0.9684921073476007,0.9830420708683868,0.9927207892048477,0.9536049567700171,1.0077711778334173,1.012806336815111,0.9862065446875901,0.9854016273741453,0.9747344460298782,1.0077631511312344,1.0043631349089785,1.0133618136251246,1.0260066496943718,1.0226271136283658,0.9959779727711121,0.9806992164358379,0.9726063004737326,0.9907914174785357,1.0231511477956987,0.9844527212448824,0.9596289646570231,1.0097948706758106,0.9973410450164489,1.0041923139549709,1.0287084632280878,1.0007770617634897,1.024978084170066,0.9957400814341233,0.9896633622638743,1.0018589536909817,1.0116172052309351,1.0176009074347492,0.9773410356925794,0.9808408302619753,0.9976800902055004,0.993781139672799,1.0021168153405942,0.9764536480152226,0.00012000992367754092,0.00015056752457390875,0.00013821186391357906,0.00016079995251316572,0.0001474100104460107,0.00018536505144980972,0.0001577222198291507,0.00012934906102391453,0.0001728218390017505,0.00014152475567314672,0.00017432539224564286,0.00016051430878624582,0.00013707582846851055,0.00012644841698744317,0.00014204765110364563,0.00013250029726769394,0.0001586228346201583,0.00015287203119860552,0.00016084625190846194,0.00015344776548702085,0.00018764706232311985,0.00016346491431706712,0.0001496935907903421,0.9857096429381704,0.991752764840498,1.0280855081939257,0.9854412783449132,1.037820832393793,0.9528229706731874,0.9937961157481295,0.955893558893092,0.9563551885682411,1.0876904554812326,0.9794026546774366,1.0049228337561018,1.0051737829363947,0.8415234178205302,1.0012107714036484,1.007991961875072,0.9650210855849594,1.0057306593444884,1.0036375255728007,1.054191133464381,1.0361855640510351,0.14228302414820723,0.28382836164146963,0.22422369634052797,chile
0.9716815458062947,1.0775276402547818,0.9932733857480837,0.9283420403693281,0.9912569094955886,0.9744735440639827,1.0183875407676886,0.9723831391476775,1.0136198494590583,0.9867487793889248,0.9681500371376325,0.9692719666977094,1.0180446795189229,1.002108518853272,0.9998301566473312,1.0102656887937012,0.9800736750460433,0.9967968619243974,0.9913154606717148,0.9753473817183115,0.9680408780410592,1.0149251203547116,0.9869447204653982,0.9975897654957608,0.9754858649381591,1.0138262133444709,0.9976115932278997,1.005927110232391,1.0051775188025462,0.9846159431174643,1.01770992228808,1.0217084382941872,0.991668666051287,1.0188987968910839,0.9727393162445833,1.0426180301783896,0.990884135740546,1.0014105539021192,0.9470524132025389,1.0340477624074358,0.9455798482449117,0.9944184357799143,1.004746355144519,0.9921827929047167,1.0317142621576783,1.0039720170578872,1.0184512084065984,0.9807191531680185,1.0292207636248751,0.9984911789839572,1.0180115265635095,0.9744274672886992,1.0287079792383649,0.9855590723644699,0.9866960899039522,1.0176676400375089,0.978626648821035,0.0001520088221337332,0.00014128410344899447,0.00016364618822069168,0.0001369050177050692,0.00016800748662631224,0.00016414240264373066,0.00013488772427831255,0.00014810371663996524,0.00011783097473500898,0.00015514279419621578,0.00014420802797235834,0.00014563415397892345,0.00014587846830213394,0.00014778589875699113,0.0001446788692804692,0.00014896980306838974,0.00013914360654661412,0.00014316197553284533,0.0001679512472478475,0.0001238893944778621,0.000122537295188069,0.0001527953886967849,0.0001705662475573802,0.9876470593613487,1.055916526798069,1.0519492592807802,1.0340774231069239,0.966465496873492,0.9744883166055786,0.952676601674659,0.982387651478301,1.0100696097213107,1.0307247699531845,1.047248737546739,0.9553699704021107,0.9998437246029995,1.0090169399584177,0.9348250053224553,0.987223967921061,1.0059560332358863,1.0795909609721568,0.99238013779123,0.9968127328132829,0.9580188427717896,0.30775728383197376,0.13052423166587632,0.10274963796041345,colombia
1.004563788669336,0.9526550736354622,1.0026034995024213,0.9553927883032165,0.9869796007634426,1.0178540962188982,0.9998229218354406,1.0301696678808494,0.9820550540395835,1.003187658067928,1.0064614813779729,0.9923495086313283,1.0451345892377029,1.0063392368477895,1.0172037395418247,0.997821907028031,0.9780907781776262,0.9871445997059604,1.0229885493877098,0.9926114827996502,1.0047444340016394,1.0139328361782216,1.0032989826864278,1.018833986886565,1.0079552066660065,1.0109527391124393,1.029248599334998,0.9955610890237935,1.0132227772741647,1.0278352398422077,0.9889231279119036,1.0407819654376886,0.9814790790216275,1.011767074130198,0.9994958352115982,0.9686753490582695,0.9824202828682788,1.019288908956354,0.991737971949079,0.9867797559232759,1.0068905813528684,0.9821646164041594,1.007040503385415,1.0107169366628326,0.9943620044855859,0.9888716679856216,1.0101512890863824,0.9798356471292665,0.9844103014700583,1.0239204429887088,0.9874220007486727,1.0204474202716605,0.9989817126156435,0.9995372308083106,1.0288107090372591,0.9729010736529636,0.9790913139721257,0.0001547792000749551,0.00017615461072765376,0.00015099651332129186,0.00013795577855767107,0.00014959105201658155,0.00013104618236114559,0.0001179029088237417,0.000148406101391184,0.00015930450820290576,0.0001486321052190666,0.00016274138817360366,0.00015985408464086787,0.0001401088312282477,0.0001583471308764153,0.0001374616567626534,0.00016721568849316522,0.00013808735254543635,0.00015634422426741133,0.00018265379025059962,0.00017113858132525528,0.00014730511746570803,0.00016959971498324206,0.00015913788269553912,0.8982145549862532,1.0274199972109497,0.9721911929604605,1.0109762866335619,1.0397559861820638,0.9962000117487142,0.9423473589084311,0.9440843508803316,1.0567290688168827,0.9662256303254827,0.9752991202974893,0.9934370350135855,1.0343983004569879,0.8896687970924393,1.0872774627708348,0.8951007983149222,0.9385919082059851,0.9379349292022253,0.9452510373046964,1.0196529271747072,1.0051984481900815,0.055881599135255755,0.0072526081511890645,0.0070967704900707545,costa_rica
1.0009269757919839,0.9489512385697422,1.0012902948878324,0.9242486870709078,0.9580354928677601,0.9777534877493433,1.015863092948372,0.9793656191986786,1.0311227780109207,0.9778980792532787,1.0095459652517986,1.0035983948732887,1.0036514252968345,0.9986077954731978,1.000606482463746,0.986350001148773,0.9996945957581106,0.9842439772608191,1.0100544483967788,1.026423845088837,1.0275865282184433,0.977156088778148,1.02004439273117,1.0169441781695596,0.9765122560849911,0.9713188472799572,1.0270131783593814,1.0308733909813714,0.9836740734017716,1.0150560872584424,0.9705914676064684,1.009372855309099,1.023265404962765,0.9786777504230061,1.0291027963240647,0.9953543121633364,1.020564795272592,1.0263103391106052,0.9624168975372789,0.9633186613304929,0.952826284233553,0.9908962710761041,1.040505940240497,0.9886865654179154,1.0144884114210497,1.0063991362810005,1.037870444368237,0.9823644159447955,0.9718481612268027,0.9983819469994172,0.9969718041139046,1.0401661334743733,1.0091277741191524,0.9790625290645825,1.0572469993164046,0.9910270672065422,0.9716882062113068,0.00016869413020064881,0.0001372314676786866,0.0001480231504605671,0.00013416027445728256,0.00011953594342738171,0.00013322539288218265,0.00016289362686323198,0.00014455148054877607,0.00017532488371136708,0.00016213374130763717,0.0001659313380360523,0.00017600812676512724,0.00012942177984816354,0.0001421258630764968,0.00015577267523506357,0.00017431963751855087,0.00015846301015391166,0.00015801754196073198,0.00013365647425761046,0.00014830016209684175,0.0001572652421817753,0.0001541289159127567,0.00016258941106249474,0.9824588869056663,1.0269970068856853,1.0922249980755947,0.9872020468226653,0.9438673997639244,0.9969830875725421,1.0137247796527757,0.9597143145735779,0.9614398884241914,0.988660065638828,1.0451119795609627,1.0266564732008696,1.0261871311103765,0.9778930767787904,1.0501533300228132,1.0263001151213695,0.9725750817869663,1.0105002079409164,0.9857224645359784,0.9786043213416743,1.00237606393081,0.2058174976587947,0.024262834919082158,0.022822121889494992,dominican_republic
1.0256246559521398,0.9472050000736437,0.9839291410946507,0.9352225171169161,1.0100696397476696,0.9656402609166966,0.9683295128564892,1.03641489602605,1.0185797526369313,0.9834928248704539,1.0246103829406685,0.9846170739027422,1.0305846425765168,0.9963950910201362,0.9940159646062164,1.0072421390897353,0.9971239664296334,1.0154279150026086,0.9766086858431373,1.0198125706798011,0.9871168115092552,0.9751585986488849,0.9865463175642154,1.0460175356739816,1.0267359508513374,1.0119634675207827,0.9866780773800327,0.978162423472611,0.9726705646699965,0.9912008079001002,1.0074400380936694,0.9994936991513965,1.0102948415961943,1.0031613145175344,1.004943152484302,1.0183410666848667,1.0039256173957227,0.9935045312015749,1.0040282789047232,0.9764775956429396,0.9756924129167771,0.9844030273191018,0.9871686627826108,1.0211525129166408,0.9926796694924952,0.9948898632275824,1.0245257022799763,1.0182955363990338,1.004594397187575,1.0338844673062888,0.9817683708505515,0.9699620365877965,0.9942710902007511,1.0573092209466108,1.041711868754419,0.9912929630239128,0.980822554773585,0.00016679480867943033,0.00015539260166802204,0.0001158761985708428,0.00017533011528144294,0.0001675633263256637,0.00014975401542489554,0.00016733052145664974,0.00015118406510902975,0.0001458763756741099,0.0001482005006866351,0.0001446163520178889,0.0001392393442792723,0.00017424639553729023,0.00013793249807076262,0.0001531197460423683,0.00010375386593652833,0.00015709286194730135,0.00014544450956315868,0.00016582513716321195,0.00015055287617765878,0.00013853962177972173,0.00014438956345448335,0.00015042417955342987,1.0119696321059415,1.0397981918055959,1.0602314765129988,1.0425030910516653,0.997891111124028,1.0133564301830265,1.0232657786595616,0.9581063804953702,1.0223325221201434,0.9805444661674874,1.0035042119074393,1.0502603861389659,1.0033248525892773,0.9849043384134029,1.007593051187855,1.035553770564365,0.9350065148781936,0.9928909240559131,1.0212844355287203,1.0343702807390178,1.037747688340538,0.30464548002796427,0.23211372976905653,0.32077660525720486,ecuador
0.9733173842370971,1.0388490300347617,0.9764679574014368,0.9384051400398271,1.0130711907393133,1.0023476601848298,0.9893759432129169,0.9407786787098025,0.9954009022197687,0.9963342631168448,1.0395196284495025,1.0183625277632853,1.005714332376208,1.0022102534248822,1.0142761725611629,1.0189753771101315,1.014802372080123,0.9982609158495206,0.9821780104195349,0.987808963134167,1.017879277308402,1.00689886231144,0.9632147343297157,1.0120931188648339,0.990083556282914,1.0115584760923668,1.0092975479046848,0.996266838171371,1.017206885815621,0.9629769911528462,0.9932401389579283,1.002112407971252,1.0104265181358065,1.007570187732559,1.0154468244912958,0.9821044444925682,0.9814263702928695,0.9858207129170746,0.9936924171359345,0.9584450380911043,1.031473638373433,0.9583569468525874,0.958051592082554,1.0014236742470217,1.0153964318287692,1.0357988750308584,0.9996689124568925,0.9751769751017408,0.9780222611047451,1.0179861273210025,0.9862732514822327,1.0038401535299868,1.0117969440617276,1.025587442047068,0.9895318633461065,0.9911250431106571,0.9723865383753247,0.00013135275236842594,0.00014881677964323896,0.00014765981791782436,0.00016752539744251701,0.0001391043697709437,0.00016515471145618383,0.00014111826267713737,0.00013472319139898193,0.00015147912566211452,0.00015815356278308133,0.0001312062684059004,0.00015496282818511443,0.00012199164242768256,0.00014437543821524268,0.00012933388947065344,0.00012693861510489483,0.00014284991237697582,0.00014545392638933016,0.00015300543623590585,0.0001702188713034129,0.00015850198535107907,0.00012237799387883046,0.00015994956079501174,1.0175235654867811,0.9047250705457963,1.0377596030962435,0.981621257078806,0.9928937752866919,0.9825058679256494,1.0034857627796279,1.0833337250387411,0.9597213387681429,1.0455288785043595,1.0397700590516736,0.976529417650727,1.0651392467915746,0.9915494097565392,0.9795251247677166,0.9776308161269508,0.9492212790937815,0.8693467997923787,0.9762406789124912,0.9971874816931916,1.0129934253340895,0.11285780414140893,0.001435702958406506,0.0014337591695762922,el_salvador
1.0146743520300736,0.9536141842503619,0.9680891423068388,0.9336505660107176,0.9878991073269796,0.9936135337933787,0.9902166294445234,0.9886760068806835,0.9842826106079526,1.0045854948079982,1.0042488685457667,0.9977376744239749,0.9985744994666352,1.0030232643680124,0.9799099628826758,0.9982887229494135,0.9965047841743346,1.013185950969589,0.9810091675755469,0.9801127767153923,1.0055691048055542,1.010011849808018,1.0034801348285183,0.9993201183319962,1.0121234465600426,0.9908832108467445,1.0484776879620206,1.0067741002513229,1.0301507049182803,0.9890627081978298,1.0154262172920012,0.9954538680999983,1.0008279949550034,1.0021092739589827,1.0184801394798095,1.0008161237531747,0.998074278717637,0.9830004441759482,1.0056165269428399,0.9926902980226109,1.0069667668188627,1.020521898660603,1.0154946553461521,0.9991379174887399,1.0054917519399997,1.0044315572956224,1.0133943334089013,0.961706631549653,1.0054544174632447,1.013335329067169,1.0058908469362684,1.0019136763755674,0.970277905447026,0.9967085998759956,1.0262689883025267,1.0063117023203285,0.9762051054702124,0.00015013330425642544,0.00016810793277204588,0.00015287307751261925,0.00014286299130218826,0.00016469171750319698,0.00014508614701198332,0.00013590735728887657,0.0001458251062872221,0.0001657738677763407,0.00012988817432170666,0.00015355501267387127,0.00015390657418392622,0.00015679989402225803,0.00013209432742870053,0.00014100369129216536,0.00016423735564086603,0.00013155861465147183,0.00014944221384752366,0.0001413034602583322,0.00010988971291671906,0.0001681641721505147,0.00016698236046716372,0.0001392503305764581,0.9532439799954933,1.065560733589663,0.9992503254485474,1.0627228593603415,1.0052021649654583,1.025093023985253,1.0613604570387978,1.0148445154981012,1.037588225265824,0.9328684306890614,0.9970574298920397,0.9624534600943052,1.0334513853002443,0.9425923248467131,1.0170280948485613,0.954878513498125,1.067045563000993,0.9382971930376977,1.0338468225267612,0.9801077318625303,0.9190325402077052,0.19055187286642145,0.009343349248658398,0.009831045056966576,guatemala
0.9952253885068588,0.9707837516824822,0.990850901893114,0.9259519676473816,1.0134407485682735,1.0144779491027458,1.0146328600441346,0.99380495530502,0.9945208690882709,1.029565109199617,0.9939827898525329,1.0256130000082317,1.0386036133558096,0.9790092854267041,0.9942567849154931,0.9581371336046286,1.015333387313855,0.9920749376171925,1.0180396727286871,0.9982520081906748,0.995813896849107,1.0100786138231206,1.0010243304439321,1.0079615017680832,0.993259909648596,0.9807470738573364,0.976547511040808,0.9744821937198624,1.0210851491085038,1.018143732562674,1.0045301610906445,1.016306595449248,1.0111920807156063,1.0068892521692698,0.9873802953781019,0.9613827678341512,1.0063466048334884,1.0173303866414356,0.9771783184158978,1.0212846427921576,0.9860625344140993,1.034410160185761,0.984955465995176,0.9880356620810916,1.0107633995059218,0.9929612397950223,0.9783244753911481,1.012117373527845,1.0084547707421085,0.978382550411305,1.0094863715052702,1.0011439876215968,0.9981240312262695,1.0146094083408497,1.0034741248069468,1.0090855390838165,0.9804608311246616,0.00015826447206899606,0.00014994078247711383,0.00017177657129774273,0.00014798339052789024,0.00014909431443652012,0.00017380485102168298,0.0001648316620031162,0.00017167455568098617,0.00011033230374634183,0.00011629289312851317,0.00013063968936514387,0.00015659193911117774,0.00014768597576827057,0.0001375320213803643,0.00013377993931173814,0.00014556405093972715,0.0001339013117378296,0.00013387907756493624,0.00016565066430071837,0.0001501830041722792,0.00014519705629789821,0.0001743515500961042,0.0001336713842323638,1.0467548566495564,0.9847086408233646,0.9923168827872386,0.9745947315460478,0.9578547997187118,0.9120304668420268,1.0159041185584758,1.0411220439713496,0.9949672316491291,0.9711206083828254,1.0027294892488914,0.9495916655522816,1.033727445278947,1.032326436390073,1.084762643164118,0.9955653287139934,0.9470053929612443,0.9790731278418556,0.983391490774219,0.948392778569832,0.9837589282928966,0.22145029814709088,9.44837185191329e-05,0.00010215463045939949,guyana
0.9978223240902514,0.8857106623478759,1.0076585916400174,0.9083037839364292,1.0204568071518576,1.011862858455181,0.9973187005971818,0.9592283616632191,0.9884855008963994,1.0124003632724339,1.0030602017075279,1.0099100380909662,0.9927627597309422,0.9956327663349882,1.0064916564852886,1.0092406407949848,1.0081089296016577,1.036901219015267,0.967358875043716,1.0005960163988645,0.9724569843649842,1.0060421090515483,0.9983535980081458,1.0045379742378973,0.9932958582321894,0.989914612364348,0.9990747428653991,0.9965888354099688,0.9778648205421947,0.9865444953650482,0.9970300814492586,1.006489820491903,1.032239864948986,1.0206961880940906,0.966052254869184,0.9929485314033708,0.9860207488327051,0.9969047347527175,1.0298075785139906,1.0063396746864868,0.9728054493019371,0.9570998625663754,0.9669903616584468,0.9855159151950296,0.9556930675886605,0.9978761935769094,0.9537348530040128,1.0313791931093896,0.9871546991171217,0.9857889977960141,0.9551168437638834,0.95909565345234,0.9973636367098464,0.9863332670593536,1.0278542126821182,0.9958465993018072,0.9834745613534275,0.00015013068847137548,0.0001361511484550844,0.00013766124116159297,0.00013739940107858312,0.00013646425792497322,0.00014997661873222725,0.00014236389951559342,0.00014783376762331628,0.0001338767233583987,0.00016712492075211653,0.00016480681204518718,0.0001496601087417778,0.00016082349457856947,0.00014630876494204912,0.00013255679822466053,0.00016910219266766787,0.00013835730156208103,0.00012511462819296703,0.00018605797290825057,0.0001621826564879863,0.00014867474251530625,0.00016308013233693114,0.00015218355657473909,1.0607229636450544,1.0173406645883243,1.0145990084347905,1.0618199901205512,0.9542629867577563,0.9309534854300046,0.9629959643323206,1.0389329379930354,1.0761436892758585,1.047389069020454,0.9417400137571139,1.0022486630462544,1.065705995857654,1.0659756102325972,0.9556445502697484,0.9997870237683707,1.0955388181643528,0.9960006482601214,0.9046173653776322,0.9866202846236973,0.9505732701867958,0.03640128425285695,0.014822994836165747,0.015003746311316337,haiti
0.9911937805123764,0.8985521331213733,0.9965982795106256,0.924280476782925,0.997125715911133,0.9754118417584106,0.9912761703110874,1.0088318196829358,1.0152300555080396,0.9919753273551535,0.9753016085861225,1.0134733761513095,1.0126727425385997,1.002515561703292,0.9971260820539564,0.9999186821482666,1.000754407570364,1.0060897166444316,0.9952872431427467,0.9773562920976835,0.9680587831063172,1.0079651267523335,1.0120026880588249,1.0061624836988479,0.9748907200443642,1.0226355972427326,0.9803856171512162,1.0046193272563717,1.000948554036106,1.0440321873516383,0.9576476323254052,0.9872867882911808,1.0161114067537014,1.0248126603315744,0.9568446908208149,1.003858171333175,0.972590258649698,0.9865612924650928,1.0088648706292556,1.0342441535841336,0.9925910419824663,0.9964812994330464,1.0112856295257793,0.9931681889980547,1.0140036413883007,1.0088956179411697,0.9957112087734651,0.9892960130424844,0.986337768913091,0.9883658849310901,1.0037712478348162,0.9984086238249292,0.981701853258084,0.9751754967362296,0.9833248084001747,1.0129440557556852,0.9679222150143172,0.0001593991996215317,0.0001503313191843395,0.00017916040932292873,0.00015501985229909778,0.0001415655619198424,0.00018493423165288303,0.00015634997899450871,0.00012156343841580964,0.0001512902659818589,0.00016481596729283292,0.00015077469474947727,0.0001386599478917966,0.00013527852256405097,0.0001582665646970313,0.00014612095157580347,0.00014285906762462696,0.00015672586730548676,0.00013866308683384258,0.00015084375147466551,0.00018910954774180018,0.0001444902711787204,0.00013747002727479944,0.0001323836332546812,0.9894230119095966,0.9344816895908242,1.0181301083169991,0.9629786029892842,0.9281360988073614,0.9451059608754747,1.0550511403651728,0.9400874117449052,1.0879069267802457,0.9262383343744154,0.9697287911688658,0.9610587529065473,1.035088132263951,0.9576393497878689,0.9711165801731775,1.0058070026770756,0.9750802597036976,1.0406275031655945,1.0343993282113706,0.9585693463789411,0.9533685696695317,0.3722438182765388,0.03922268262492275,0.025559180059861807,honduras
1.0230882081849606,0.9486399449631139,0.9586067046230327,0.9335569649187556,0.9767475314592308,1.0365973076994528,1.0035162142017349,0.9901498945505478,1.0210575226958367,0.994589248389271,0.9948871789749396,0.9755070680136116,1.0524825319379096,1.0125680970463935,0.9961326926370367,1.00768459714692,0.9836411878157688,0.988833234058603,1.0006966619084492,0.9716684968166681,1.0228272513827907,0.9799130430804648,0.9774924691286411,0.9999565517044404,1.0098621937824899,0.9894817940813572,1.0262249326356279,0.9982976931079879,1.015934353027047,1.0021834383165922,0.9710026139808939,0.9749961300087248,1.0050167274371151,1.0159560327693657,0.9868040274458871,0.9857138198188303,0.9717968312386485,0.9936230420967539,1.003411138534286,1.003523699012539,0.9825270783852031,1.0148998355531245,1.0065157973885763,1.0297918680917857,0.9821851842643878,1.016109465515542,1.0113912835285899,1.0253330991466802,0.9996420837246831,0.9905934549530794,0.9921148672802194,1.0295619303987142,0.9751948558142443,0.9987020525568604,1.0062471154837307,0.9894486685571527,0.9800471851172643,0.00014040912335142288,0.0001525149765399578,0.00014248344089215793,0.00014905481608235214,0.00015735862570789112,0.00016223183324683043,0.00013121071524048258,0.00017049614451818072,0.0001640900869428413,0.0001462334303327552,0.0001376165112373193,0.0001426385569453231,0.00013306687630846057,0.0001352840157126354,0.00018595307992792394,0.00016065006803007886,0.0001352225447640883,0.00014791197959615766,0.00014875740132273293,0.00013803268263799144,0.00018783199832580222,0.00017017806505670037,0.0001407290338624294,1.0188845828518185,0.9882180671793291,0.9480088209851104,0.9782372695502011,0.8765491187953989,0.891723326851282,1.0357373203019602,1.09256224818308,1.0954899830141553,0.961186094825079,0.9400368495501129,0.9721390218659949,1.0015011684282635,0.980670252191905,0.9299729726248669,1.012260990468335,1.011270728897724,1.0117305727751276,0.9538306729887369,1.067524150197707,1.0403642890523055,0.1927461522398373,0.0015235043007220113,0.0020569811048304514,jamaica
1.013276736678688,1.0791669069745036,1.0027196548220039,0.9819605652428608,0.9855710711202398,1.0145602709521608,0.9699641069125888,1.0240299813411275,1.0106649179855725,0.9959978800415678,1.0350461369866195,1.008704904873316,1.005809864488391,1.0359640509140244,0.9634766943632213,1.0241336665173424,1.0189229876919748,1.0076050387391775,1.0027923142474595,1.0280566487916802,0.9759376795623211,1.0066162983143205,0.9910208541519854,0.992615815205895,1.0162925108714775,0.9957560387898604,1.0016215451516228,0.9864144472243555,0.9992732971798371,0.9812244742013968,1.0296757977513982,0.985836472385388,1.0096393406976023,1.0002735298912753,1.0020150379923947,1.011892041741193,1.0029532677375266,0.975689830502929,1.0128665002117532,1.0320229484868062,1.0050726745714218,0.9651257505499471,1.0393483185671017,0.9959626662981056,1.0035619433967844,1.0061036150854088,1.005760748897972,1.048782882991604,0.9732101350436699,1.0152815564763777,1.0029293361316949,0.9665591469107229,1.0061298598623896,0.9598655385610434,0.9947173864565189,0.9879235912027748,0.9698309368305255,0.00013468604725134088,0.00015891501780970055,0.00014836555672297094,0.00016784818531706831,0.00013396330584338026,0.00015515378049340352,0.0001114675544558934,0.0001502405514432667,0.00014046196220933758,0.00016130087534928567,0.00015640255627392526,0.0001475970390767335,0.00015270226674916397,0.00015320502063483638,0.00016168016418082362,0.00015101090013904986,0.00015959067508683695,0.00015039122066186697,0.00014633466121399198,0.00016143637301462151,0.00014899596091883102,0.00014913433594771703,0.00015717238181267142,1.01724215939715,0.9919945661978659,0.9442460601986759,1.0727926282047673,1.0075324190011268,1.0877852773182064,1.0078573509571822,0.9979562868877117,1.0221580852941812,0.9905559523125754,0.9108308669454455,0.9578694058370226,0.999456215220044,0.9901013840848951,0.966232205995093,0.9932915573173773,0.9747861695326898,1.0048267067902716,0.9230403361163846,0.9446081533094146,0.9845973770450075,0.3464945793393797,57.489793203926475,46.15328077057958,mexico
0.983103192707731,1.0628042295993003,0.9876534580196104,0.9684355053072498,1.0143842817644773,1.0101198292435043,1.040514546299836,1.005466649358329,0.9528204550695061,0.9821900873425402,0.9742865658232271,1.037379994183055,0.9859947329375641,0.9886252451802507,1.0073999902431454,1.0192690108820435,1.0355814078217531,1.003391279458444,0.9978847327087462,0.9914304225359919,0.9817115487200466,1.0099195017760065,1.0229239709898144,0.9982128751863115,0.9884554911494009,0.9946818646421879,1.0142197473975978,1.0019280816263312,0.9951018302902852,0.9686682041642442,1.0065359587451215,1.002329344699011,0.9977710748238169,1.0171149621686868,0.963740505206124,0.9738701633408477,1.0213796893819271,1.0076353342478772,1.0278159558660465,1.0140063339855931,1.01184460223341,0.9822841799173807,0.9780487233535331,0.9908064397225317,1.0334842554892594,1.0212709914550122,0.9715224274581181,0.997023770339077,1.0084759639402197,0.9747989379158885,1.0672316287896921,1.0152842822819739,0.9734615011177543,1.006801575779087,1.005730635609189,0.9826108425782234,0.9634289363622883,0.0001670804524063439,0.00012868543635797432,0.0001449851777092449,0.0001517849109338769,0.00015999952228937632,0.00014844167606779192,0.00015786268748607915,0.00016007067164260116,0.00016488659348906247,0.00014226057600631123,0.00016335845186573152,0.0001472441696741592,0.00014742648989180655,0.0001553201444222788,0.00014629463970280095,0.00014918691322712418,0.00013410795875639134,0.00015369495717377558,0.00016965019963461453,0.0001285847286337453,0.00017082494869834593,0.00014718897660970047,0.00015622468289086568,1.0240776941909788,1.0092105643711706,1.0217149183707626,1.0378075871772563,1.0412905448132685,0.9667591666188774,0.9646554176856236,1.0173728253390213,0.9965771973942436,1.0682732735126284,1.0363751283230804,0.9554496837387636,1.0307555382967937,0.997357668282202,1.007770369472666,1.0774244975213192,0.9475290793741427,0.9915562217159927,1.0015500467918284,0.9825530311655478,0.9770475595543778,0.19191980089962404,0.0014638658262776172,0.0011193064767126347,nicaragua
1.009027066450437,1.048331106344116,1.0229135589097118,0.9602292080257714,0.9954437596629907,0.999101587946311,0.9634979422273072,0.9966456880239926,1.0088127358080856,0.9937388077722525,0.970476497056943,0.9912394521463685,1.0365247548811634,0.9619833817096346,0.9769179562977929,1.01400663234942,0.9834663210687133,0.9778873153354679,1.0021592533058667,1.0423588862089435,0.9469877706019248,0.9738722048851112,1.0071726594869763,1.0072244475794072,0.9958155538582566,1.0305035681671861,0.972232392186835,0.9829278240895586,0.9856385268898301,1.0136896199324883,1.0282298925893842,0.9861908380119626,1.0228745059458733,1.0202874621791758,1.0010961581291324,1.0048864245291376,0.9798703060386269,1.0160056233236607,1.0571610977822703,1.0200129952177213,0.9993261385715073,0.9876479326689575,0.9481527512351728,0.9784993499719574,0.9886554587751378,1.0171386442865016,1.0079019115978338,0.9704693860524162,1.0322633789817004,1.0112110327790407,0.9971997995470222,0.9815350208766656,1.0103792916720575,0.9731694208132069,0.9902926560215622,1.0050663975965328,0.9785808219744969,0.00017428458599893663,0.0001536327014897089,0.000143549896455025,0.00016256874636063555,0.0001517286715554098,0.00014968705132772895,0.00014244498885198145,0.00011715400956535157,0.00014711259568639108,0.00016412304583441077,0.00013669967857902007,0.00015840337025488995,0.00012717298944492944,0.00015878736749950188,0.00016004582168467258,0.00015317441594980507,0.0001491657253682573,0.00014910503915521592,0.00013242705528643408,0.00015666832003448743,0.00015094419762039666,0.0001510467363941618,0.00016173561882378462,0.9853851096946169,1.0412399636727143,1.0699437801216398,1.0548492447435265,0.98080299578141,1.0313780200477645,1.033489063312351,0.9608552068748498,0.9483504556528727,0.9569353786946914,0.9857218855194252,0.9982216471939764,1.0593672564152847,0.9662481061728264,1.0599943688085685,0.9053872545252003,1.06107524923717,0.9653859535048068,0.9884299459404279,0.9698533435900014,0.9468416262182714,0.066916940323699,0.016390595792526236,0.012331591150124886,panama
1.0091105231723054,1.0185374687606996,1.010372933048458,0.9714936437573933,0.9703340370151364,1.0095186097848208,0.9924287933685982,1.0011488850798822,0.9800889913963908,1.0266546458571777,1.0319571085140105,0.9861451645046817,0.9755167239662091,0.9937972165784251,0.9807769832982313,0.9859793939374508,0.9751856094307118,0.9892035282603857,0.9792150473051949,0.9992596306860818,1.0117239915517142,1.0116356857364726,0.9640625443382728,0.970539558090859,1.0265544596439626,1.027839209000712,1.017186044455218,1.0197046671976635,0.9835470393828607,0.9670123934087727,1.0139453144959407,0.9913391756572346,0.9935297369844323,0.9865934960036502,1.0357308203197286,0.9995905754334883,1.0142082213918175,0.9831956625035184,0.9938211941649836,0.9935550662340552,0.9660987340609752,0.9652248359505063,0.9824190853257982,1.0214205754440684,1.0005771407996755,0.992927704348083,1.0032255829712726,0.9964889284870934,1.0368106189320647,1.0166167666152492,1.0259735072974958,1.0017621341184526,1.0217077450070087,1.004037531759617,1.023071256453435,0.9935488907560376,0.9692785464265502,0.00017246190697954935,0.00015135409113694557,0.00014654732453815998,0.00013166455394579478,0.00014046510115139156,0.00013822651230982594,0.00012026234693438558,0.0001303778492821346,0.00015571538954257917,0.000141045020695874,0.00015916220949645522,0.00013622831411390615,0.0001521406576999962,0.00014259696596311274,0.0001512609691893475,0.0001323818022051536,0.000155594801851998,0.00014992194882478682,0.00014164455862819748,0.000165837169774436,0.00018214972847241772,0.00014251352242016646,0.00015925193092350176,0.9534717436074168,0.9552646260036448,0.9956068237650052,0.9670319721839509,0.9213922359578797,1.005026410663963,1.0737440792750126,1.009981260735934,1.0178851600472374,0.997930300752512,1.0531369448474035,1.0071598378144406,1.0149036754500926,0.9714049242435123,0.9251659120578442,1.0180065261743383,1.0580629211519876,1.0116370760771416,0.9605216956816102,1.0002072763245562,1.0194332436110642,0.15524675678181185,0.013360740321785925,0.014219298325070734,paraguay
0.9694668914298252,1.1178684595335366,1.00339816515741,0.9764926348103976,1.0238567816508615,1.0319752308807768,1.0351163475126335,1.0002024595256729,1.0211812883365772,1.0047389745566948,0.9960872532908635,0.9733945748077163,1.0143364163389268,0.9730994027250489,0.9914260305251016,0.9653085435227831,0.9778392845496002,1.0140876761049324,0.9928451360760331,0.9917693696328264,1.006573049864623,0.9956760122302006,1.005158642522162,0.9708978705667708,0.9804953676961736,1.0081198157941418,0.9883445737157803,0.9996315047515726,0.9967273428122727,1.0178687330762852,1.01378989589327,1.0318480926388856,0.9935636423207723,1.024133734636937,1.0250430924026064,1.0017712274031951,1.0030411530845678,0.9977377699617074,1.018412477648444,0.9799861948402935,1.0037081338379148,0.9688423452673138,0.9704514813277557,1.0283068675614855,1.019319463489814,0.9854667808717223,0.9864953210214787,1.0102580064360716,0.9403640107226118,1.0162367795059883,1.030272293797361,0.9768238393701972,1.013234962847924,1.040658196561267,0.965967930303675,0.9918457010938435,0.978643513172904,0.00014122184776492176,0.00015072499483362298,0.00014751987341790512,0.00014537100600339674,0.0001539178220596244,0.00014757689753188647,0.00014864518414429035,0.00013345767459418433,0.00015595525703121247,0.00015368187824856355,0.00014255197446033497,0.00014303066312358023,0.0001672308600464342,0.0001500124549873468,0.0001624531286616384,0.0001534697380813976,0.00015731624999014852,0.00013360389697820361,0.0001545979261713287,0.00016140184465203333,0.0001612660854081949,0.00015288275591728557,0.00014651750458864534,0.8933122395970838,1.016510235002607,1.0708676274291888,1.0570874096023308,0.9759250291026863,0.9880907339886205,1.0590401250478212,0.9993809243351929,0.9190181512206016,0.983013537293135,1.0064534663570506,1.0809739686195527,1.0480593928656574,1.0374174332639172,0.9831067768396516,0.9654041058866348,0.9654007007584028,1.0115944325723403,0.9945188063187594,1.0614435827413897,1.04364359911585,0.27002149171390194,1.7282601035404044,1.1438413039469988,peru
0.9937158741184879,1.0279387908228197,1.0301236725084817,0.9227530583510898,0.965287805533866,1.0378473434808666,0.9801799923634102,0.9907307598742315,1.005561903712863,1.0298352212753605,0.986270791683656,0.9897059586387483,0.9809125591737626,0.9663400138369204,0.9938333499364204,1.0501847149459227,1.0022320191681902,0.991999551875244,0.9993028822011609,1.0057883146841997,0.9714697705002522,0.9792244897028622,0.9968125144449466,1.018830617350796,0.9785544485064089,0.9889435765628409,1.0378297604509938,1.0219777244198407,1.000139602169346,1.0282634961559187,0.9957758314490974,0.9802071453448917,1.0000562489892622,1.0011829065601323,0.9812186053576856,0.9955723469789677,1.0227958838419642,0.9993827238161205,0.9989061504439434,1.0034281909125136,1.0137200923818364,1.0125344255305637,0.9757037441005156,1.0092883439256004,1.0004022680921554,1.0272547169897877,0.9811342901586211,0.997562754543635,1.0226054410386045,0.9968275746656166,1.0315542851620059,1.0151606894947054,0.9872881159420883,0.9966266407634242,1.0266681556758652,1.0120493339825756,0.9749148728881912,0.00015016495525547349,0.00017070383785075123,0.00011831070971227237,0.00015726733480981428,0.0001322965276126907,0.0001466608496091163,0.0001758116813082576,0.00015812426599057502,0.00015172448629933451,0.00013082174800427046,0.0001644487110725137,0.00013886110176175405,0.00016761014887797007,0.0001766537025142553,0.00015914206795160967,0.0001387957071356385,0.00015343939497487066,0.000154329285047194,0.00013336743001013052,0.00018075891556396892,0.00014152057041706085,0.00012401129006097024,0.0001413586533227723,1.049134619155039,0.9769420853029345,0.9300731703750919,1.0237153920382345,1.0616361710976843,1.0368857532294737,0.9807867456392596,1.016678002068769,1.0157426372278997,0.9926042233707965,0.9077858963763088,1.03344158629657,0.9932480186785292,1.0422348486479305,0.9944549667634975,0.9908641066253704,0.9762947552268668,0.9964746150324625,0.9523610184943326,1.017846383606669,0.9934003745379221,0.038459984185025,0.00011492178757872773,0.0001115432474727326,suriname
1.0225744711459135,1.1487441014417765,1.0292166280842605,0.9256492039764449,1.0104703258473795,0.994114164962937,0.9843270467227896,0.9757607327834308,0.994155315840004,1.035256776057817,1.0445868698871732,1.0187958705671578,1.0130486581396645,1.006626155900919,1.010091904126413,1.023224297682239,1.0106970627709786,0.9920097737313773,0.9863289855725061,0.9962785596803891,0.9945223953077978,1.0184983849727438,0.993484902880861,0.951146056860733,1.015249103109206,1.0188290209680864,0.9675606853044987,1.0033552264815708,0.9872652146451312,1.0164818397491595,0.997489160006438,1.0118370986897174,0.9962517409958204,0.9936952892283608,0.9851921114247714,1.0226853836408634,0.9933704319885651,1.003399624108837,1.0124042646519409,1.0422962999686045,0.9640667299467905,0.9806014219016049,1.0099210262925438,0.9844378350697774,1.0058242414695229,1.010166938882148,1.0148216592919648,1.0039669821683186,1.0009992373990046,1.0343409699209818,1.060205561394008,0.9843730850105022,1.0197404247057928,1.012042756345228,0.9684113471399022,1.005608213200133,0.9751861598006583,0.00014557791460046292,0.00014855284693220588,0.00017006349367174267,0.00015347287702345645,0.00015259711219036881,0.0001490890828664441,0.00016208665717682983,0.00017226650783667383,0.00014959235990910882,0.0001081925915794903,0.0001762009101229563,0.00016505034163287875,0.00016767789771063716,0.00015421340576970684,0.00012814710779571355,0.0001457793300489236,0.00013029859099526395,0.0001730507201931812,0.0001372377455627966,0.0001303598003653269,0.00014283892607977938,0.00015170722211804445,0.00015000329973968775,1.0141534260331244,1.0551108284568955,1.0061572864046064,0.9895796143870879,0.9938618637164077,0.9753201122020406,1.0346395855955537,1.0736402341462474,0.9403158927413088,0.9042666252488178,1.0492343328303955,1.0442806912426061,1.0599504344374506,0.9762124478109045,0.9841597429227812,0.9564129850639731,1.0153340814447172,1.0009443388523909,1.0037542676566753,1.0084060168253974,1.0573219855994558,1.3262191259720144,0.012910261243479155,0.008611478723899777,trinidad_and_tobago
1.0311916435155304,0.9886781005364371,0.9678190964774014,0.9400700270501421,0.9997654757294447,1.023938802752264,1.0079315255699857,0.9741689186845132,1.0114530623814282,1.025370534781034,0.9890113926850893,0.9954628827066084,0.9747630542162091,1.0358655331199906,0.9897861442576624,0.9741792386328636,1.0199218903683196,0.9982778805237692,1.006926832046866,0.994006692507537,0.9921139486874802,1.0188038191021058,0.9836473969168572,0.9705865948415359,0.9800803613248945,0.9888589803704466,1.0061318002490542,0.9890376406977506,1.0001119958519595,1.0157165777470725,1.0065497924724827,1.0055314389269694,0.9926425455052891,0.9953134056653163,1.0110476211933863,0.9990184118771741,0.9728532718121429,1.0328057335735223,1.0392322913123582,0.9680735555216986,1.0000674839540729,0.9834706570512367,0.9893360346669646,0.9654080992891462,1.0237217509023895,1.0430881212899021,0.9961521717758375,1.0114854840729883,1.0224325506112997,1.0069603085703556,0.9963567718746351,0.9736695984765615,1.0070594985344932,0.9739484239000059,1.0194750583519367,0.9958924555405856,0.969471802662974,0.0001417818873430721,0.00012748348312977201,0.00016005471535382253,0.0001474322446189016,0.00016857746618763764,0.00016450756623603122,0.0001721752169386114,0.00013028812785508332,0.00014861562577329,0.0001322708929192462,0.00014492292202517918,0.0001695978839337068,0.00016383243211589473,0.0001517817719918252,0.00016189021171994887,0.00013774206891947697,0.0001599500839520087,0.0001470804215303344,0.00017621869746125546,0.0001499708640051292,0.00017146476972037064,0.0001762757215752341,0.00014267517793595903,0.9836604314037979,0.9924114336359504,0.9676917847499705,1.0507481262675746,1.0491496904024564,0.958090711924258,1.0186368842534277,1.0538570217543406,0.9922748813096159,0.9628128054308994,0.9859601544500683,1.022483893864269,0.9879714665836526,1.1161679779984865,0.983068282456779,0.9958454628830706,1.0407729146580722,0.930281683176726,1.0903071817885022,1.0737172039662306,0.9204494722646753,0.042897840994960926,0.007253958814975652,0.007446929494063213,uruguay
1.0105457521204868,1.1134828110132464,0.9994510436827738,0.9444747916317913,1.0034662290646852,0.9952457853869039,0.9917066299531001,1.0209044002344159,1.0089128561155922,0.9874914563392746,1.0100282143486348,1.0034500860830515,1.0135795894159954,1.0289642907950494,0.9782022059973128,0.9646359563564653,1.0159069595833947,1.0014905017836464,0.9924227128432457,0.9993216019767763,0.9928922165935495,1.011112134196471,0.9914609241064669,0.9859463751776403,0.990877844725645,1.0025617384440815,1.0246311980750271,0.9901224791383261,0.9801634716586219,0.9961881615717864,1.0250635141463036,0.9959291511167462,0.9880774251830196,0.9735604344413173,1.002519771153668,1.0434392371008965,1.0066187170708416,1.0163420232585376,0.9908857145824602,1.0142807733586119,0.9911825939124782,0.9745004024282159,0.9483505627054273,0.9802935037912098,1.0121190223626435,1.0078993852123526,1.0073251024554364,1.0122019150542647,1.0172840295540182,1.0102501628053002,1.0356721414193617,0.9714256971222585,1.0460508025594177,0.9927609441734351,0.9902468733526302,1.0078954658988044,0.9920990351327252,0.0001738270851945608,0.00016789474629087776,0.0001452331541315203,0.00013593639250287842,0.00017443080838296316,0.00016024592924061763,0.00015307135401903095,0.00015577345997057614,0.00014044679065607015,0.00014946784854097059,0.0001424771630080442,0.00014129404343216556,0.0001459075035161338,0.00014028984355337248,0.00016353606367029773,0.00014449000960021786,0.00015489769513749022,0.00013960058419400004,0.0001430186305123798,0.0001431462808225709,0.00017279803535783737,0.00015375171970925507,0.0001514814798686493,1.0293447063495145,1.036756822421399,1.0062255554365036,0.9019666967793946,1.0111911156117255,1.0096177673417803,0.9746545599215604,0.9773000918766225,0.9428959330280674,1.0411291941871645,1.0211873714927173,0.9449903267993802,1.017422543063715,1.0088557966713294,1.119205218696633,0.9908460021401323,1.0154360988396114,1.011044143329038,1.0384673384356407,0.9442326125392193,0.9457303559355572,1.036533706521741,0.5955256521559819,0.368929636144328,venezuela
